0,data\1- Modèle Traces passives\4- Lino\Lino H\Retouches\36.jpeg,1- Modèle Traces passives,lino
1,data\1- Modèle Traces passives\4- Lino\Lino H\Retouches\30.jpeg,1- Modèle Traces passives,lino
2,data\1- Modèle Traces passives\3- Bois\Bois H\Retouches\13.JPG,1- Modèle Traces passives,bois
3,data\1- Modèle Traces passives\4- Lino\Lino NH\Retouches\55.JPG,1- Modèle Traces passives,lino
4,data\4- Modèle Transfert glissé\2- Carrelage\Retouches\75.jpeg,4- Modèle Transfert glissé,carrelage
5,data\4- Modèle Transfert glissé\2- Carrelage\Retouches\44.jpeg,4- Modèle Transfert glissé,carrelage
6,data\4- Modèle Transfert glissé\1- Papier\Retouches\86.jpeg,4- Modèle Transfert glissé,papier
7,data\1- Modèle Traces passives\2- Carrelage\Carrelage H\Retouches\7.JPG,1- Modèle Traces passives,carrelage
8,data\1- Modèle Traces passives\2- Carrelage\Carrelage NH\Retouches\44.jpeg,1- Modèle Traces passives,carrelage
9,data\1- Modèle Traces passives\3- Bois\Bois H\Retouches\4.JPG,1- Modèle Traces passives,bois
10,data\1- Modèle Traces passives\2- Carrelage\Carrelage H\Retouches\50.JPG,1- Modèle Traces passives,carrelage
11,data\1- Modèle Traces passives\1- Papier\Papier NH\Retouches\12.jpeg,1- Modèle Traces passives,papier
12,data\1- Modèle Traces passives\2- Carrelage\Carrelage NH\Retouches\77.jpeg,1- Modèle Traces passives,carrelage
13,data\1- Modèle Traces passives\2- Carrelage\Carrelage H\Retouches\54.JPG,1- Modèle Traces passives,carrelage
14,data\1- Modèle Traces passives\4- Lino\Lino H\Retouches\10.jpeg,1- Modèle Traces passives,lino
15,data\1- Modèle Traces passives\2- Carrelage\Carrelage H\Retouches\4.JPG,1- Modèle Traces passives,carrelage
16,data\1- Modèle Traces passives\2- Carrelage\Carrelage H\Retouches\34.JPG,1- Modèle Traces passives,carrelage
17,data\1- Modèle Traces passives\2- Carrelage\Carrelage H\Retouches\37.JPG,1- Modèle Traces passives,carrelage
18,data\1- Modèle Traces passives\3- Bois\Bois NH\Retouches\14.JPG,1- Modèle Traces passives,bois
19,data\1- Modèle Traces passives\1- Papier\Papier NH\Retouches\60.jpeg,1- Modèle Traces passives,papier
20,data\4- Modèle Transfert glissé\2- Carrelage\Retouches\51.jpeg,4- Modèle Transfert glissé,carrelage
21,data\1- Modèle Traces passives\4- Lino\Lino H\Retouches\63.jpeg,1- Modèle Traces passives,lino
22,data\4- Modèle Transfert glissé\4- Lino\Retouches\51.jpeg,4- Modèle Transfert glissé,lino
23,data\1- Modèle Traces passives\1- Papier\Papier NH\Retouches\33.jpeg,1- Modèle Traces passives,papier
24,data\1- Modèle Traces passives\3- Bois\Bois NH\Retouches\61.JPG,1- Modèle Traces passives,bois
25,data\1- Modèle Traces passives\3- Bois\Bois H\Retouches\77.JPG,1- Modèle Traces passives,bois
26,data\1- Modèle Traces passives\2- Carrelage\Carrelage NH\Retouches\27.jpeg,1- Modèle Traces passives,carrelage
27,data\4- Modèle Transfert glissé\4- Lino\Retouches\70.jpeg,4- Modèle Transfert glissé,lino
28,data\1- Modèle Traces passives\4- Lino\Lino NH\Retouches\73.JPG,1- Modèle Traces passives,lino
29,data\1- Modèle Traces passives\3- Bois\Bois H\Retouches\73.JPG,1- Modèle Traces passives,bois
30,data\1- Modèle Traces passives\3- Bois\Bois H\Retouches\45.JPG,1- Modèle Traces passives,bois
31,data\1- Modèle Traces passives\4- Lino\Lino H\Retouches\89.jpeg,1- Modèle Traces passives,lino
32,data\1- Modèle Traces passives\3- Bois\Bois H\Retouches\71.JPG,1- Modèle Traces passives,bois
33,data\4- Modèle Transfert glissé\3- Bois\Retouches\38.jpeg,4- Modèle Transfert glissé,bois
34,data\1- Modèle Traces passives\1- Papier\Papier NH\Retouches\85.jpeg,1- Modèle Traces passives,papier
35,data\4- Modèle Transfert glissé\1- Papier\Retouches\72.jpeg,4- Modèle Transfert glissé,papier
36,data\1- Modèle Traces passives\2- Carrelage\Carrelage NH\Retouches\48.jpeg,1- Modèle Traces passives,carrelage
37,data\4- Modèle Transfert glissé\3- Bois\Retouches\44.jpeg,4- Modèle Transfert glissé,bois
38,data\1- Modèle Traces passives\4- Lino\Lino H\Retouches\23.jpeg,1- Modèle Traces passives,lino
39,data\1- Modèle Traces passives\3- Bois\Bois H\Retouches\88.JPG,1- Modèle Traces passives,bois
40,data\1- Modèle Traces passives\3- Bois\Bois NH\Retouches\47.JPG,1- Modèle Traces passives,bois
41,data\4- Modèle Transfert glissé\1- Papier\Retouches\80.jpeg,4- Modèle Transfert glissé,papier
42,data\1- Modèle Traces passives\3- Bois\Bois H\Retouches\14.JPG,1- Modèle Traces passives,bois
43,data\4- Modèle Transfert glissé\2- Carrelage\Retouches\26.jpeg,4- Modèle Transfert glissé,carrelage
44,data\1- Modèle Traces passives\2- Carrelage\Carrelage NH\Retouches\61.jpeg,1- Modèle Traces passives,carrelage
45,data\1- Modèle Traces passives\3- Bois\Bois NH\Retouches\72.JPG,1- Modèle Traces passives,bois
46,data\1- Modèle Traces passives\2- Carrelage\Carrelage H\Retouches\85.JPG,1- Modèle Traces passives,carrelage
47,data\1- Modèle Traces passives\3- Bois\Bois H\Retouches\76.JPG,1- Modèle Traces passives,bois
48,data\1- Modèle Traces passives\4- Lino\Lino H\Retouches\57.jpeg,1- Modèle Traces passives,lino
49,data\1- Modèle Traces passives\2- Carrelage\Carrelage H\Retouches\2.JPG,1- Modèle Traces passives,carrelage
50,data\1- Modèle Traces passives\1- Papier\Papier NH\Retouches\19.jpeg,1- Modèle Traces passives,papier
51,data\1- Modèle Traces passives\4- Lino\Lino H\Retouches\92.jpeg,1- Modèle Traces passives,lino
52,data\1- Modèle Traces passives\2- Carrelage\Carrelage NH\Retouches\74.jpeg,1- Modèle Traces passives,carrelage
53,data\1- Modèle Traces passives\3- Bois\Bois H\Retouches\68.JPG,1- Modèle Traces passives,bois
54,data\1- Modèle Traces passives\4- Lino\Lino H\Retouches\67.jpeg,1- Modèle Traces passives,lino
55,data\1- Modèle Traces passives\1- Papier\Papier NH\Retouches\73.jpeg,1- Modèle Traces passives,papier
56,data\1- Modèle Traces passives\1- Papier\Papier NH\Retouches\95.jpeg,1- Modèle Traces passives,papier
57,data\1- Modèle Traces passives\4- Lino\Lino H\Retouches\98.jpeg,1- Modèle Traces passives,lino
58,data\4- Modèle Transfert glissé\1- Papier\Retouches\58.jpeg,4- Modèle Transfert glissé,papier
59,data\4- Modèle Transfert glissé\3- Bois\Retouches\87.jpeg,4- Modèle Transfert glissé,bois
60,data\4- Modèle Transfert glissé\3- Bois\Retouches\17.jpeg,4- Modèle Transfert glissé,bois
61,data\4- Modèle Transfert glissé\1- Papier\Retouches\47.jpeg,4- Modèle Transfert glissé,papier
62,data\4- Modèle Transfert glissé\4- Lino\Retouches\32.jpeg,4- Modèle Transfert glissé,lino
63,data\1- Modèle Traces passives\4- Lino\Lino NH\Retouches\22.JPG,1- Modèle Traces passives,lino
64,data\1- Modèle Traces passives\4- Lino\Lino H\Retouches\75.jpeg,1- Modèle Traces passives,lino
65,data\1- Modèle Traces passives\3- Bois\Bois H\Retouches\62.JPG,1- Modèle Traces passives,bois
66,data\4- Modèle Transfert glissé\3- Bois\Retouches\98.jpeg,4- Modèle Transfert glissé,bois
67,data\1- Modèle Traces passives\4- Lino\Lino NH\Retouches\44.JPG,1- Modèle Traces passives,lino
68,data\1- Modèle Traces passives\4- Lino\Lino NH\Retouches\18.JPG,1- Modèle Traces passives,lino
69,data\4- Modèle Transfert glissé\3- Bois\Retouches\82.jpeg,4- Modèle Transfert glissé,bois
70,data\1- Modèle Traces passives\3- Bois\Bois H\Retouches\65.JPG,1- Modèle Traces passives,bois
71,data\1- Modèle Traces passives\3- Bois\Bois NH\Retouches\24.JPG,1- Modèle Traces passives,bois
72,data\1- Modèle Traces passives\2- Carrelage\Carrelage NH\Retouches\18.jpeg,1- Modèle Traces passives,carrelage
73,data\1- Modèle Traces passives\3- Bois\Bois NH\Retouches\76.JPG,1- Modèle Traces passives,bois
74,data\1- Modèle Traces passives\3- Bois\Bois NH\Retouches\1.JPG,1- Modèle Traces passives,bois
75,data\4- Modèle Transfert glissé\3- Bois\Retouches\49.jpeg,4- Modèle Transfert glissé,bois
76,data\1- Modèle Traces passives\2- Carrelage\Carrelage NH\Retouches\67.JPG,1- Modèle Traces passives,carrelage
77,data\1- Modèle Traces passives\4- Lino\Lino H\Retouches\81.jpeg,1- Modèle Traces passives,lino
78,data\4- Modèle Transfert glissé\1- Papier\Retouches\85.jpeg,4- Modèle Transfert glissé,papier
79,data\1- Modèle Traces passives\2- Carrelage\Carrelage H\Retouches\10.JPG,1- Modèle Traces passives,carrelage
80,data\1- Modèle Traces passives\2- Carrelage\Carrelage NH\Retouches\50.jpeg,1- Modèle Traces passives,carrelage
81,data\4- Modèle Transfert glissé\2- Carrelage\Retouches\18.jpeg,4- Modèle Transfert glissé,carrelage
82,data\4- Modèle Transfert glissé\1- Papier\Retouches\83.jpeg,4- Modèle Transfert glissé,papier
83,data\1- Modèle Traces passives\2- Carrelage\Carrelage H\Retouches\73.JPG,1- Modèle Traces passives,carrelage
84,data\1- Modèle Traces passives\4- Lino\Lino H\Retouches\35.jpeg,1- Modèle Traces passives,lino
85,data\1- Modèle Traces passives\3- Bois\Bois H\Retouches\6.JPG,1- Modèle Traces passives,bois
86,data\4- Modèle Transfert glissé\3- Bois\Retouches\56.jpeg,4- Modèle Transfert glissé,bois
87,data\1- Modèle Traces passives\4- Lino\Lino NH\Retouches\65.JPG,1- Modèle Traces passives,lino
88,data\1- Modèle Traces passives\4- Lino\Lino NH\Retouches\46.JPG,1- Modèle Traces passives,lino
89,data\1- Modèle Traces passives\2- Carrelage\Carrelage NH\Retouches\82.jpeg,1- Modèle Traces passives,carrelage
90,data\1- Modèle Traces passives\2- Carrelage\Carrelage NH\Retouches\84.jpeg,1- Modèle Traces passives,carrelage
91,data\4- Modèle Transfert glissé\1- Papier\Retouches\82.jpeg,4- Modèle Transfert glissé,papier
92,data\1- Modèle Traces passives\2- Carrelage\Carrelage H\Retouches\25.JPG,1- Modèle Traces passives,carrelage
93,data\1- Modèle Traces passives\3- Bois\Bois NH\Retouches\95.JPG,1- Modèle Traces passives,bois
94,data\4- Modèle Transfert glissé\2- Carrelage\Retouches\27.jpeg,4- Modèle Transfert glissé,carrelage
95,data\1- Modèle Traces passives\3- Bois\Bois H\Retouches\42.JPG,1- Modèle Traces passives,bois
96,data\1- Modèle Traces passives\1- Papier\Papier NH\Retouches\14.jpeg,1- Modèle Traces passives,papier
97,data\4- Modèle Transfert glissé\1- Papier\Retouches\19.jpeg,4- Modèle Transfert glissé,papier
98,data\1- Modèle Traces passives\4- Lino\Lino H\Retouches\16.jpeg,1- Modèle Traces passives,lino
99,data\1- Modèle Traces passives\4- Lino\Lino NH\Retouches\20.JPG,1- Modèle Traces passives,lino
100,data\4- Modèle Transfert glissé\4- Lino\Retouches\99.jpeg,4- Modèle Transfert glissé,lino
101,data\1- Modèle Traces passives\3- Bois\Bois H\Retouches\97.JPG,1- Modèle Traces passives,bois
102,data\1- Modèle Traces passives\1- Papier\Papier NH\Retouches\15.jpeg,1- Modèle Traces passives,papier
103,data\4- Modèle Transfert glissé\4- Lino\Retouches\30.jpeg,4- Modèle Transfert glissé,lino
104,data\1- Modèle Traces passives\3- Bois\Bois NH\Retouches\46.JPG,1- Modèle Traces passives,bois
105,data\4- Modèle Transfert glissé\1- Papier\Retouches\92.jpeg,4- Modèle Transfert glissé,papier
106,data\1- Modèle Traces passives\2- Carrelage\Carrelage H\Retouches\66.JPG,1- Modèle Traces passives,carrelage
107,data\1- Modèle Traces passives\1- Papier\Papier NH\Retouches\91.jpeg,1- Modèle Traces passives,papier
108,data\1- Modèle Traces passives\4- Lino\Lino H\Retouches\88.jpeg,1- Modèle Traces passives,lino
109,data\1- Modèle Traces passives\1- Papier\Papier NH\Retouches\67.jpeg,1- Modèle Traces passives,papier
110,data\1- Modèle Traces passives\4- Lino\Lino H\Retouches\54.jpeg,1- Modèle Traces passives,lino
111,data\1- Modèle Traces passives\2- Carrelage\Carrelage H\Retouches\45.JPG,1- Modèle Traces passives,carrelage
112,data\1- Modèle Traces passives\3- Bois\Bois H\Retouches\35.JPG,1- Modèle Traces passives,bois
113,data\1- Modèle Traces passives\1- Papier\Papier NH\Retouches\66.jpeg,1- Modèle Traces passives,papier
114,data\1- Modèle Traces passives\2- Carrelage\Carrelage NH\Retouches\83.jpeg,1- Modèle Traces passives,carrelage
115,data\1- Modèle Traces passives\1- Papier\Papier NH\Retouches\51.jpeg,1- Modèle Traces passives,papier
116,data\1- Modèle Traces passives\3- Bois\Bois H\Retouches\7.JPG,1- Modèle Traces passives,bois
117,data\1- Modèle Traces passives\4- Lino\Lino NH\Retouches\68.JPG,1- Modèle Traces passives,lino
118,data\1- Modèle Traces passives\2- Carrelage\Carrelage NH\Retouches\98.jpeg,1- Modèle Traces passives,carrelage
119,data\1- Modèle Traces passives\2- Carrelage\Carrelage H\Retouches\51.JPG,1- Modèle Traces passives,carrelage
120,data\4- Modèle Transfert glissé\1- Papier\Retouches\71.jpeg,4- Modèle Transfert glissé,papier
121,data\1- Modèle Traces passives\3- Bois\Bois H\Retouches\82.JPG,1- Modèle Traces passives,bois
122,data\1- Modèle Traces passives\4- Lino\Lino NH\Retouches\15.JPG,1- Modèle Traces passives,lino
123,data\1- Modèle Traces passives\1- Papier\Papier NH\Retouches\55.jpeg,1- Modèle Traces passives,papier
124,data\4- Modèle Transfert glissé\2- Carrelage\Retouches\72.jpeg,4- Modèle Transfert glissé,carrelage
125,data\1- Modèle Traces passives\4- Lino\Lino H\Retouches\96.jpeg,1- Modèle Traces passives,lino
126,data\1- Modèle Traces passives\3- Bois\Bois H\Retouches\3.JPG,1- Modèle Traces passives,bois
127,data\1- Modèle Traces passives\4- Lino\Lino H\Retouches\4.jpeg,1- Modèle Traces passives,lino
128,data\1- Modèle Traces passives\1- Papier\Papier NH\Retouches\42.jpeg,1- Modèle Traces passives,papier
129,data\1- Modèle Traces passives\3- Bois\Bois NH\Retouches\36.JPG,1- Modèle Traces passives,bois
130,data\4- Modèle Transfert glissé\3- Bois\Retouches\12.jpeg,4- Modèle Transfert glissé,bois
131,data\1- Modèle Traces passives\4- Lino\Lino H\Retouches\42.jpeg,1- Modèle Traces passives,lino
132,data\4- Modèle Transfert glissé\3- Bois\Retouches\18.jpeg,4- Modèle Transfert glissé,bois
133,data\1- Modèle Traces passives\2- Carrelage\Carrelage H\Retouches\8.JPG,1- Modèle Traces passives,carrelage
134,data\1- Modèle Traces passives\4- Lino\Lino H\Retouches\32.jpeg,1- Modèle Traces passives,lino
135,data\1- Modèle Traces passives\2- Carrelage\Carrelage NH\Retouches\29.jpeg,1- Modèle Traces passives,carrelage
136,data\1- Modèle Traces passives\3- Bois\Bois H\Retouches\95.JPG,1- Modèle Traces passives,bois
137,data\1- Modèle Traces passives\3- Bois\Bois H\Retouches\47.JPG,1- Modèle Traces passives,bois
138,data\1- Modèle Traces passives\2- Carrelage\Carrelage H\Retouches\48.JPG,1- Modèle Traces passives,carrelage
139,data\1- Modèle Traces passives\1- Papier\Papier NH\Retouches\41.jpeg,1- Modèle Traces passives,papier
140,data\4- Modèle Transfert glissé\4- Lino\Retouches\64.jpeg,4- Modèle Transfert glissé,lino
141,data\4- Modèle Transfert glissé\4- Lino\Retouches\75.jpeg,4- Modèle Transfert glissé,lino
142,data\1- Modèle Traces passives\3- Bois\Bois NH\Retouches\73.JPG,1- Modèle Traces passives,bois
143,data\1- Modèle Traces passives\3- Bois\Bois H\Retouches\93.JPG,1- Modèle Traces passives,bois
144,data\1- Modèle Traces passives\4- Lino\Lino H\Retouches\15.jpeg,1- Modèle Traces passives,lino
145,data\1- Modèle Traces passives\4- Lino\Lino NH\Retouches\91.JPG,1- Modèle Traces passives,lino
146,data\1- Modèle Traces passives\2- Carrelage\Carrelage NH\Retouches\21.jpeg,1- Modèle Traces passives,carrelage
147,data\4- Modèle Transfert glissé\3- Bois\Retouches\86.jpeg,4- Modèle Transfert glissé,bois
148,data\1- Modèle Traces passives\2- Carrelage\Carrelage NH\Retouches\93.jpeg,1- Modèle Traces passives,carrelage
149,data\1- Modèle Traces passives\2- Carrelage\Carrelage NH\Retouches\2.jpeg,1- Modèle Traces passives,carrelage
150,data\1- Modèle Traces passives\4- Lino\Lino NH\Retouches\80.JPG,1- Modèle Traces passives,lino
151,data\1- Modèle Traces passives\1- Papier\Papier NH\Retouches\82.jpeg,1- Modèle Traces passives,papier
152,data\1- Modèle Traces passives\3- Bois\Bois NH\Retouches\11.JPG,1- Modèle Traces passives,bois
153,data\4- Modèle Transfert glissé\4- Lino\Retouches\73.jpeg,4- Modèle Transfert glissé,lino
154,data\4- Modèle Transfert glissé\4- Lino\Retouches\87.jpeg,4- Modèle Transfert glissé,lino
155,data\4- Modèle Transfert glissé\2- Carrelage\Retouches\15.jpeg,4- Modèle Transfert glissé,carrelage
156,data\1- Modèle Traces passives\2- Carrelage\Carrelage H\Retouches\59.JPG,1- Modèle Traces passives,carrelage
157,data\1- Modèle Traces passives\3- Bois\Bois NH\Retouches\88.JPG,1- Modèle Traces passives,bois
158,data\4- Modèle Transfert glissé\1- Papier\Retouches\98.jpeg,4- Modèle Transfert glissé,papier
159,data\4- Modèle Transfert glissé\3- Bois\Retouches\97.jpeg,4- Modèle Transfert glissé,bois
160,data\1- Modèle Traces passives\4- Lino\Lino NH\Retouches\43.JPG,1- Modèle Traces passives,lino
161,data\1- Modèle Traces passives\1- Papier\Papier NH\Retouches\34.jpeg,1- Modèle Traces passives,papier
162,data\4- Modèle Transfert glissé\4- Lino\Retouches\44.jpeg,4- Modèle Transfert glissé,lino
163,data\4- Modèle Transfert glissé\4- Lino\Retouches\92.jpeg,4- Modèle Transfert glissé,lino
164,data\1- Modèle Traces passives\3- Bois\Bois NH\Retouches\85.JPG,1- Modèle Traces passives,bois
165,data\1- Modèle Traces passives\3- Bois\Bois NH\Retouches\58.JPG,1- Modèle Traces passives,bois
166,data\1- Modèle Traces passives\4- Lino\Lino NH\Retouches\21.JPG,1- Modèle Traces passives,lino
167,data\1- Modèle Traces passives\3- Bois\Bois NH\Retouches\67.JPG,1- Modèle Traces passives,bois
168,data\4- Modèle Transfert glissé\1- Papier\Retouches\37.jpeg,4- Modèle Transfert glissé,papier
169,data\1- Modèle Traces passives\2- Carrelage\Carrelage NH\Retouches\7.jpeg,1- Modèle Traces passives,carrelage
170,data\1- Modèle Traces passives\1- Papier\Papier NH\Retouches\74.jpeg,1- Modèle Traces passives,papier
171,data\1- Modèle Traces passives\3- Bois\Bois H\Retouches\96.JPG,1- Modèle Traces passives,bois
172,data\1- Modèle Traces passives\3- Bois\Bois NH\Retouches\78.JPG,1- Modèle Traces passives,bois
173,data\1- Modèle Traces passives\3- Bois\Bois H\Retouches\15.JPG,1- Modèle Traces passives,bois
174,data\4- Modèle Transfert glissé\2- Carrelage\Retouches\58.jpeg,4- Modèle Transfert glissé,carrelage
175,data\4- Modèle Transfert glissé\3- Bois\Retouches\91.jpeg,4- Modèle Transfert glissé,bois
176,data\1- Modèle Traces passives\3- Bois\Bois NH\Retouches\27.JPG,1- Modèle Traces passives,bois
177,data\4- Modèle Transfert glissé\4- Lino\Retouches\53.jpeg,4- Modèle Transfert glissé,lino
178,data\1- Modèle Traces passives\4- Lino\Lino NH\Retouches\16.JPG,1- Modèle Traces passives,lino
179,data\4- Modèle Transfert glissé\2- Carrelage\Retouches\36.jpeg,4- Modèle Transfert glissé,carrelage
180,data\1- Modèle Traces passives\2- Carrelage\Carrelage NH\Retouches\45.jpeg,1- Modèle Traces passives,carrelage
181,data\1- Modèle Traces passives\2- Carrelage\Carrelage NH\Retouches\4.jpeg,1- Modèle Traces passives,carrelage
182,data\4- Modèle Transfert glissé\3- Bois\Retouches\89.jpeg,4- Modèle Transfert glissé,bois
183,data\1- Modèle Traces passives\2- Carrelage\Carrelage H\Retouches\19.JPG,1- Modèle Traces passives,carrelage
184,data\1- Modèle Traces passives\4- Lino\Lino H\Retouches\6.jpeg,1- Modèle Traces passives,lino
185,data\1- Modèle Traces passives\2- Carrelage\Carrelage NH\Retouches\32.jpeg,1- Modèle Traces passives,carrelage
186,data\1- Modèle Traces passives\2- Carrelage\Carrelage H\Retouches\47.JPG,1- Modèle Traces passives,carrelage
187,data\4- Modèle Transfert glissé\3- Bois\Retouches\58.jpeg,4- Modèle Transfert glissé,bois
188,data\4- Modèle Transfert glissé\2- Carrelage\Retouches\42.jpeg,4- Modèle Transfert glissé,carrelage
189,data\1- Modèle Traces passives\1- Papier\Papier NH\Retouches\37.jpeg,1- Modèle Traces passives,papier
190,data\1- Modèle Traces passives\3- Bois\Bois NH\Retouches\59.JPG,1- Modèle Traces passives,bois
191,data\1- Modèle Traces passives\1- Papier\Papier NH\Retouches\61.jpeg,1- Modèle Traces passives,papier
192,data\1- Modèle Traces passives\4- Lino\Lino NH\Retouches\100.JPG,1- Modèle Traces passives,lino
193,data\1- Modèle Traces passives\2- Carrelage\Carrelage NH\Retouches\16.jpeg,1- Modèle Traces passives,carrelage
194,data\1- Modèle Traces passives\4- Lino\Lino NH\Retouches\94.JPG,1- Modèle Traces passives,lino
195,data\4- Modèle Transfert glissé\3- Bois\Retouches\47.jpeg,4- Modèle Transfert glissé,bois
196,data\4- Modèle Transfert glissé\1- Papier\Retouches\23.jpeg,4- Modèle Transfert glissé,papier
197,data\4- Modèle Transfert glissé\1- Papier\Retouches\28.jpeg,4- Modèle Transfert glissé,papier
198,data\1- Modèle Traces passives\3- Bois\Bois H\Retouches\100.JPG,1- Modèle Traces passives,bois
199,data\1- Modèle Traces passives\3- Bois\Bois NH\Retouches\31.JPG,1- Modèle Traces passives,bois
200,data\4- Modèle Transfert glissé\2- Carrelage\Retouches\87.jpeg,4- Modèle Transfert glissé,carrelage
201,data\1- Modèle Traces passives\2- Carrelage\Carrelage H\Retouches\32.JPG,1- Modèle Traces passives,carrelage
202,data\1- Modèle Traces passives\3- Bois\Bois H\Retouches\69.JPG,1- Modèle Traces passives,bois
203,data\1- Modèle Traces passives\3- Bois\Bois NH\Retouches\40.JPG,1- Modèle Traces passives,bois
204,data\1- Modèle Traces passives\3- Bois\Bois H\Retouches\67.JPG,1- Modèle Traces passives,bois
205,data\4- Modèle Transfert glissé\2- Carrelage\Retouches\93.jpeg,4- Modèle Transfert glissé,carrelage
206,data\4- Modèle Transfert glissé\2- Carrelage\Retouches\22.jpeg,4- Modèle Transfert glissé,carrelage
207,data\1- Modèle Traces passives\3- Bois\Bois NH\Retouches\28.JPG,1- Modèle Traces passives,bois
208,data\4- Modèle Transfert glissé\2- Carrelage\Retouches\49.jpeg,4- Modèle Transfert glissé,carrelage
209,data\1- Modèle Traces passives\1- Papier\Papier NH\Retouches\90.jpeg,1- Modèle Traces passives,papier
210,data\1- Modèle Traces passives\2- Carrelage\Carrelage H\Retouches\26.JPG,1- Modèle Traces passives,carrelage
211,data\1- Modèle Traces passives\2- Carrelage\Carrelage NH\Retouches\57.jpeg,1- Modèle Traces passives,carrelage
212,data\1- Modèle Traces passives\1- Papier\Papier NH\Retouches\50.jpeg,1- Modèle Traces passives,papier
213,data\1- Modèle Traces passives\3- Bois\Bois H\Retouches\60.JPG,1- Modèle Traces passives,bois
214,data\1- Modèle Traces passives\4- Lino\Lino H\Retouches\52.jpeg,1- Modèle Traces passives,lino
215,data\4- Modèle Transfert glissé\4- Lino\Retouches\90.jpeg,4- Modèle Transfert glissé,lino
216,data\1- Modèle Traces passives\2- Carrelage\Carrelage NH\Retouches\38.jpeg,1- Modèle Traces passives,carrelage
217,data\4- Modèle Transfert glissé\2- Carrelage\Retouches\21.jpeg,4- Modèle Transfert glissé,carrelage
218,data\1- Modèle Traces passives\2- Carrelage\Carrelage NH\Retouches\8.jpeg,1- Modèle Traces passives,carrelage
219,data\4- Modèle Transfert glissé\2- Carrelage\Retouches\20.jpeg,4- Modèle Transfert glissé,carrelage
220,data\1- Modèle Traces passives\3- Bois\Bois NH\Retouches\21.JPG,1- Modèle Traces passives,bois
221,data\1- Modèle Traces passives\4- Lino\Lino H\Retouches\62.jpeg,1- Modèle Traces passives,lino
222,data\1- Modèle Traces passives\4- Lino\Lino H\Retouches\84.jpeg,1- Modèle Traces passives,lino
223,data\1- Modèle Traces passives\3- Bois\Bois NH\Retouches\56.JPG,1- Modèle Traces passives,bois
224,data\1- Modèle Traces passives\2- Carrelage\Carrelage H\Retouches\5.JPG,1- Modèle Traces passives,carrelage
225,data\1- Modèle Traces passives\4- Lino\Lino H\Retouches\49.jpeg,1- Modèle Traces passives,lino
226,data\4- Modèle Transfert glissé\3- Bois\Retouches\76.jpeg,4- Modèle Transfert glissé,bois
227,data\4- Modèle Transfert glissé\4- Lino\Retouches\98.jpeg,4- Modèle Transfert glissé,lino
228,data\1- Modèle Traces passives\4- Lino\Lino NH\Retouches\93.JPG,1- Modèle Traces passives,lino
229,data\1- Modèle Traces passives\3- Bois\Bois H\Retouches\59.JPG,1- Modèle Traces passives,bois
230,data\1- Modèle Traces passives\3- Bois\Bois H\Retouches\94.JPG,1- Modèle Traces passives,bois
231,data\4- Modèle Transfert glissé\2- Carrelage\Retouches\24.jpeg,4- Modèle Transfert glissé,carrelage
232,data\1- Modèle Traces passives\4- Lino\Lino NH\Retouches\50.JPG,1- Modèle Traces passives,lino
233,data\4- Modèle Transfert glissé\3- Bois\Retouches\30.jpeg,4- Modèle Transfert glissé,bois
234,data\4- Modèle Transfert glissé\3- Bois\Retouches\57.jpeg,4- Modèle Transfert glissé,bois
235,data\1- Modèle Traces passives\2- Carrelage\Carrelage H\Retouches\22.JPG,1- Modèle Traces passives,carrelage
236,data\1- Modèle Traces passives\4- Lino\Lino H\Retouches\20.jpeg,1- Modèle Traces passives,lino
237,data\1- Modèle Traces passives\4- Lino\Lino H\Retouches\28.jpeg,1- Modèle Traces passives,lino
238,data\1- Modèle Traces passives\4- Lino\Lino NH\Retouches\90.JPG,1- Modèle Traces passives,lino
239,data\1- Modèle Traces passives\4- Lino\Lino NH\Retouches\78.JPG,1- Modèle Traces passives,lino
240,data\4- Modèle Transfert glissé\1- Papier\Retouches\18.jpeg,4- Modèle Transfert glissé,papier
241,data\4- Modèle Transfert glissé\3- Bois\Retouches\62.jpeg,4- Modèle Transfert glissé,bois
242,data\1- Modèle Traces passives\4- Lino\Lino NH\Retouches\12.JPG,1- Modèle Traces passives,lino
243,data\1- Modèle Traces passives\3- Bois\Bois NH\Retouches\98.JPG,1- Modèle Traces passives,bois
244,data\4- Modèle Transfert glissé\1- Papier\Retouches\89.jpeg,4- Modèle Transfert glissé,papier
245,data\4- Modèle Transfert glissé\1- Papier\Retouches\63.jpeg,4- Modèle Transfert glissé,papier
246,data\1- Modèle Traces passives\2- Carrelage\Carrelage NH\Retouches\6.jpeg,1- Modèle Traces passives,carrelage
247,data\1- Modèle Traces passives\2- Carrelage\Carrelage NH\Retouches\75.jpeg,1- Modèle Traces passives,carrelage
248,data\1- Modèle Traces passives\3- Bois\Bois NH\Retouches\84.JPG,1- Modèle Traces passives,bois
249,data\1- Modèle Traces passives\2- Carrelage\Carrelage H\Retouches\23.JPG,1- Modèle Traces passives,carrelage
250,data\1- Modèle Traces passives\4- Lino\Lino NH\Retouches\89.JPG,1- Modèle Traces passives,lino
251,data\1- Modèle Traces passives\1- Papier\Papier NH\Retouches\3.jpeg,1- Modèle Traces passives,papier
252,data\1- Modèle Traces passives\1- Papier\Papier NH\Retouches\93.jpeg,1- Modèle Traces passives,papier
253,data\4- Modèle Transfert glissé\2- Carrelage\Retouches\69.jpeg,4- Modèle Transfert glissé,carrelage
254,data\1- Modèle Traces passives\4- Lino\Lino NH\Retouches\62.JPG,1- Modèle Traces passives,lino
255,data\1- Modèle Traces passives\3- Bois\Bois NH\Retouches\33.JPG,1- Modèle Traces passives,bois
256,data\1- Modèle Traces passives\4- Lino\Lino H\Retouches\33.jpeg,1- Modèle Traces passives,lino
257,data\1- Modèle Traces passives\4- Lino\Lino H\Retouches\46.jpeg,1- Modèle Traces passives,lino
258,data\1- Modèle Traces passives\4- Lino\Lino NH\Retouches\41.JPG,1- Modèle Traces passives,lino
259,data\4- Modèle Transfert glissé\1- Papier\Retouches\75.jpeg,4- Modèle Transfert glissé,papier
260,data\1- Modèle Traces passives\3- Bois\Bois H\Retouches\79.JPG,1- Modèle Traces passives,bois
261,data\4- Modèle Transfert glissé\3- Bois\Retouches\64.jpeg,4- Modèle Transfert glissé,bois
262,data\1- Modèle Traces passives\3- Bois\Bois NH\Retouches\90.JPG,1- Modèle Traces passives,bois
263,data\1- Modèle Traces passives\2- Carrelage\Carrelage NH\Retouches\12.jpeg,1- Modèle Traces passives,carrelage
264,data\1- Modèle Traces passives\3- Bois\Bois NH\Retouches\71.JPG,1- Modèle Traces passives,bois
265,data\4- Modèle Transfert glissé\1- Papier\Retouches\81.jpeg,4- Modèle Transfert glissé,papier
266,data\4- Modèle Transfert glissé\2- Carrelage\Retouches\97.jpeg,4- Modèle Transfert glissé,carrelage
267,data\1- Modèle Traces passives\2- Carrelage\Carrelage NH\Retouches\24.jpeg,1- Modèle Traces passives,carrelage
268,data\1- Modèle Traces passives\4- Lino\Lino NH\Retouches\39.JPG,1- Modèle Traces passives,lino
269,data\1- Modèle Traces passives\2- Carrelage\Carrelage NH\Retouches\91.jpeg,1- Modèle Traces passives,carrelage
270,data\1- Modèle Traces passives\2- Carrelage\Carrelage NH\Retouches\88.jpeg,1- Modèle Traces passives,carrelage
271,data\4- Modèle Transfert glissé\1- Papier\Retouches\87.jpeg,4- Modèle Transfert glissé,papier
272,data\1- Modèle Traces passives\2- Carrelage\Carrelage H\Retouches\33.JPG,1- Modèle Traces passives,carrelage
273,data\1- Modèle Traces passives\2- Carrelage\Carrelage NH\Retouches\66.jpeg,1- Modèle Traces passives,carrelage
274,data\4- Modèle Transfert glissé\1- Papier\Retouches\39.jpeg,4- Modèle Transfert glissé,papier
275,data\1- Modèle Traces passives\2- Carrelage\Carrelage H\Retouches\24.JPG,1- Modèle Traces passives,carrelage
276,data\4- Modèle Transfert glissé\4- Lino\Retouches\72.jpeg,4- Modèle Transfert glissé,lino
277,data\4- Modèle Transfert glissé\3- Bois\Retouches\68.jpeg,4- Modèle Transfert glissé,bois
278,data\4- Modèle Transfert glissé\1- Papier\Retouches\95.jpeg,4- Modèle Transfert glissé,papier
279,data\4- Modèle Transfert glissé\1- Papier\Retouches\91.jpeg,4- Modèle Transfert glissé,papier
280,data\4- Modèle Transfert glissé\1- Papier\Retouches\97.jpeg,4- Modèle Transfert glissé,papier
281,data\1- Modèle Traces passives\2- Carrelage\Carrelage NH\Retouches\78.jpeg,1- Modèle Traces passives,carrelage
282,data\1- Modèle Traces passives\1- Papier\Papier NH\Retouches\59.jpeg,1- Modèle Traces passives,papier
283,data\4- Modèle Transfert glissé\1- Papier\Retouches\26.jpeg,4- Modèle Transfert glissé,papier
284,data\1- Modèle Traces passives\1- Papier\Papier NH\Retouches\97.jpeg,1- Modèle Traces passives,papier
285,data\1- Modèle Traces passives\4- Lino\Lino NH\Retouches\42.JPG,1- Modèle Traces passives,lino
286,data\1- Modèle Traces passives\2- Carrelage\Carrelage NH\Retouches\87.jpeg,1- Modèle Traces passives,carrelage
287,data\4- Modèle Transfert glissé\3- Bois\Retouches\20.jpeg,4- Modèle Transfert glissé,bois
288,data\4- Modèle Transfert glissé\4- Lino\Retouches\74.jpeg,4- Modèle Transfert glissé,lino
289,data\1- Modèle Traces passives\2- Carrelage\Carrelage NH\Retouches\5.jpeg,1- Modèle Traces passives,carrelage
290,data\1- Modèle Traces passives\3- Bois\Bois NH\Retouches\43.JPG,1- Modèle Traces passives,bois
291,data\1- Modèle Traces passives\2- Carrelage\Carrelage H\Retouches\89.JPG,1- Modèle Traces passives,carrelage
292,data\1- Modèle Traces passives\3- Bois\Bois H\Retouches\20.JPG,1- Modèle Traces passives,bois
293,data\4- Modèle Transfert glissé\2- Carrelage\Retouches\65.jpeg,4- Modèle Transfert glissé,carrelage
294,data\1- Modèle Traces passives\1- Papier\Papier NH\Retouches\71.jpeg,1- Modèle Traces passives,papier
295,data\4- Modèle Transfert glissé\1- Papier\Retouches\59.jpeg,4- Modèle Transfert glissé,papier
296,data\4- Modèle Transfert glissé\1- Papier\Retouches\29.jpeg,4- Modèle Transfert glissé,papier
297,data\4- Modèle Transfert glissé\4- Lino\Retouches\34.jpeg,4- Modèle Transfert glissé,lino
298,data\1- Modèle Traces passives\1- Papier\Papier NH\Retouches\63.jpeg,1- Modèle Traces passives,papier
299,data\1- Modèle Traces passives\2- Carrelage\Carrelage NH\Retouches\40.JPG,1- Modèle Traces passives,carrelage
300,data\1- Modèle Traces passives\4- Lino\Lino NH\Retouches\47.JPG,1- Modèle Traces passives,lino
301,data\4- Modèle Transfert glissé\3- Bois\Retouches\48.jpeg,4- Modèle Transfert glissé,bois
302,data\4- Modèle Transfert glissé\3- Bois\Retouches\73.jpeg,4- Modèle Transfert glissé,bois
303,data\4- Modèle Transfert glissé\1- Papier\Retouches\94.jpeg,4- Modèle Transfert glissé,papier
304,data\4- Modèle Transfert glissé\3- Bois\Retouches\85.jpeg,4- Modèle Transfert glissé,bois
305,data\1- Modèle Traces passives\4- Lino\Lino H\Retouches\77.jpeg,1- Modèle Traces passives,lino
306,data\4- Modèle Transfert glissé\2- Carrelage\Retouches\17.jpeg,4- Modèle Transfert glissé,carrelage
307,data\4- Modèle Transfert glissé\2- Carrelage\Retouches\84.jpeg,4- Modèle Transfert glissé,carrelage
308,data\1- Modèle Traces passives\2- Carrelage\Carrelage H\Retouches\15.JPG,1- Modèle Traces passives,carrelage
309,data\4- Modèle Transfert glissé\2- Carrelage\Retouches\39.jpeg,4- Modèle Transfert glissé,carrelage
310,data\1- Modèle Traces passives\2- Carrelage\Carrelage H\Retouches\17.JPG,1- Modèle Traces passives,carrelage
311,data\4- Modèle Transfert glissé\2- Carrelage\Retouches\56.jpeg,4- Modèle Transfert glissé,carrelage
312,data\1- Modèle Traces passives\3- Bois\Bois H\Retouches\16.JPG,1- Modèle Traces passives,bois
313,data\4- Modèle Transfert glissé\3- Bois\Retouches\50.jpeg,4- Modèle Transfert glissé,bois
314,data\1- Modèle Traces passives\2- Carrelage\Carrelage H\Retouches\90.JPG,1- Modèle Traces passives,carrelage
315,data\1- Modèle Traces passives\4- Lino\Lino NH\Retouches\14.JPG,1- Modèle Traces passives,lino
316,data\1- Modèle Traces passives\1- Papier\Papier NH\Retouches\13.jpeg,1- Modèle Traces passives,papier
317,data\4- Modèle Transfert glissé\3- Bois\Retouches\75.jpeg,4- Modèle Transfert glissé,bois
318,data\1- Modèle Traces passives\2- Carrelage\Carrelage H\Retouches\82.JPG,1- Modèle Traces passives,carrelage
319,data\1- Modèle Traces passives\2- Carrelage\Carrelage H\Retouches\80.JPG,1- Modèle Traces passives,carrelage
320,data\1- Modèle Traces passives\4- Lino\Lino H\Retouches\39.jpeg,1- Modèle Traces passives,lino
321,data\1- Modèle Traces passives\4- Lino\Lino NH\Retouches\3.JPG,1- Modèle Traces passives,lino
322,data\1- Modèle Traces passives\4- Lino\Lino NH\Retouches\66.JPG,1- Modèle Traces passives,lino
323,data\1- Modèle Traces passives\4- Lino\Lino H\Retouches\38.jpeg,1- Modèle Traces passives,lino
324,data\1- Modèle Traces passives\3- Bois\Bois NH\Retouches\30.JPG,1- Modèle Traces passives,bois
325,data\1- Modèle Traces passives\4- Lino\Lino H\Retouches\3.jpeg,1- Modèle Traces passives,lino
326,data\1- Modèle Traces passives\2- Carrelage\Carrelage H\Retouches\38.JPG,1- Modèle Traces passives,carrelage
327,data\1- Modèle Traces passives\2- Carrelage\Carrelage H\Retouches\71.JPG,1- Modèle Traces passives,carrelage
328,data\1- Modèle Traces passives\2- Carrelage\Carrelage NH\Retouches\60.jpeg,1- Modèle Traces passives,carrelage
329,data\1- Modèle Traces passives\3- Bois\Bois H\Retouches\9.JPG,1- Modèle Traces passives,bois
330,data\1- Modèle Traces passives\3- Bois\Bois NH\Retouches\4.JPG,1- Modèle Traces passives,bois
331,data\4- Modèle Transfert glissé\3- Bois\Retouches\52.jpeg,4- Modèle Transfert glissé,bois
332,data\4- Modèle Transfert glissé\1- Papier\Retouches\60.jpeg,4- Modèle Transfert glissé,papier
333,data\1- Modèle Traces passives\4- Lino\Lino H\Retouches\24.jpeg,1- Modèle Traces passives,lino
334,data\1- Modèle Traces passives\1- Papier\Papier NH\Retouches\83.jpeg,1- Modèle Traces passives,papier
335,data\1- Modèle Traces passives\3- Bois\Bois H\Retouches\46.JPG,1- Modèle Traces passives,bois
336,data\1- Modèle Traces passives\1- Papier\Papier NH\Retouches\57.jpeg,1- Modèle Traces passives,papier
337,data\4- Modèle Transfert glissé\1- Papier\Retouches\52.jpeg,4- Modèle Transfert glissé,papier
338,data\4- Modèle Transfert glissé\3- Bois\Retouches\63.jpeg,4- Modèle Transfert glissé,bois
339,data\1- Modèle Traces passives\3- Bois\Bois NH\Retouches\13.JPG,1- Modèle Traces passives,bois
340,data\1- Modèle Traces passives\4- Lino\Lino H\Retouches\60.jpeg,1- Modèle Traces passives,lino
341,data\1- Modèle Traces passives\2- Carrelage\Carrelage NH\Retouches\26.jpeg,1- Modèle Traces passives,carrelage
342,data\1- Modèle Traces passives\2- Carrelage\Carrelage NH\Retouches\92.jpeg,1- Modèle Traces passives,carrelage
343,data\1- Modèle Traces passives\3- Bois\Bois NH\Retouches\89.JPG,1- Modèle Traces passives,bois
344,data\1- Modèle Traces passives\1- Papier\Papier NH\Retouches\79.jpeg,1- Modèle Traces passives,papier
345,data\1- Modèle Traces passives\1- Papier\Papier NH\Retouches\64.jpeg,1- Modèle Traces passives,papier
346,data\1- Modèle Traces passives\2- Carrelage\Carrelage H\Retouches\62.JPG,1- Modèle Traces passives,carrelage
347,data\4- Modèle Transfert glissé\4- Lino\Retouches\41.jpeg,4- Modèle Transfert glissé,lino
348,data\4- Modèle Transfert glissé\3- Bois\Retouches\83.jpeg,4- Modèle Transfert glissé,bois
349,data\1- Modèle Traces passives\2- Carrelage\Carrelage NH\Retouches\73.JPG,1- Modèle Traces passives,carrelage
350,data\1- Modèle Traces passives\4- Lino\Lino H\Retouches\1.jpeg,1- Modèle Traces passives,lino
351,data\1- Modèle Traces passives\3- Bois\Bois H\Retouches\30.JPG,1- Modèle Traces passives,bois
352,data\4- Modèle Transfert glissé\1- Papier\Retouches\56.jpeg,4- Modèle Transfert glissé,papier
353,data\1- Modèle Traces passives\4- Lino\Lino H\Retouches\70.jpeg,1- Modèle Traces passives,lino
354,data\1- Modèle Traces passives\2- Carrelage\Carrelage H\Retouches\20.JPG,1- Modèle Traces passives,carrelage
355,data\1- Modèle Traces passives\2- Carrelage\Carrelage NH\Retouches\95.jpeg,1- Modèle Traces passives,carrelage
356,data\4- Modèle Transfert glissé\1- Papier\Retouches\43.jpeg,4- Modèle Transfert glissé,papier
357,data\1- Modèle Traces passives\4- Lino\Lino NH\Retouches\5.JPG,1- Modèle Traces passives,lino
358,data\4- Modèle Transfert glissé\3- Bois\Retouches\19.jpeg,4- Modèle Transfert glissé,bois
359,data\4- Modèle Transfert glissé\2- Carrelage\Retouches\19.jpeg,4- Modèle Transfert glissé,carrelage
360,data\4- Modèle Transfert glissé\3- Bois\Retouches\94.jpeg,4- Modèle Transfert glissé,bois
361,data\4- Modèle Transfert glissé\4- Lino\Retouches\46.jpeg,4- Modèle Transfert glissé,lino
362,data\1- Modèle Traces passives\1- Papier\Papier NH\Retouches\29.jpeg,1- Modèle Traces passives,papier
363,data\4- Modèle Transfert glissé\3- Bois\Retouches\43.jpeg,4- Modèle Transfert glissé,bois
364,data\1- Modèle Traces passives\4- Lino\Lino NH\Retouches\11.JPG,1- Modèle Traces passives,lino
365,data\1- Modèle Traces passives\4- Lino\Lino H\Retouches\55.jpeg,1- Modèle Traces passives,lino
366,data\1- Modèle Traces passives\4- Lino\Lino NH\Retouches\58.JPG,1- Modèle Traces passives,lino
367,data\1- Modèle Traces passives\2- Carrelage\Carrelage NH\Retouches\41.jpeg,1- Modèle Traces passives,carrelage
368,data\1- Modèle Traces passives\2- Carrelage\Carrelage H\Retouches\1.JPG,1- Modèle Traces passives,carrelage
369,data\4- Modèle Transfert glissé\4- Lino\Retouches\22.jpeg,4- Modèle Transfert glissé,lino
370,data\4- Modèle Transfert glissé\4- Lino\Retouches\35.jpeg,4- Modèle Transfert glissé,lino
371,data\1- Modèle Traces passives\2- Carrelage\Carrelage NH\Retouches\11.jpeg,1- Modèle Traces passives,carrelage
372,data\4- Modèle Transfert glissé\2- Carrelage\Retouches\55.jpeg,4- Modèle Transfert glissé,carrelage
373,data\1- Modèle Traces passives\1- Papier\Papier NH\Retouches\99.jpeg,1- Modèle Traces passives,papier
374,data\1- Modèle Traces passives\4- Lino\Lino NH\Retouches\33.JPG,1- Modèle Traces passives,lino
375,data\4- Modèle Transfert glissé\2- Carrelage\Retouches\37.jpeg,4- Modèle Transfert glissé,carrelage
376,data\4- Modèle Transfert glissé\4- Lino\Retouches\96.jpeg,4- Modèle Transfert glissé,lino
377,data\1- Modèle Traces passives\2- Carrelage\Carrelage H\Retouches\57.JPG,1- Modèle Traces passives,carrelage
378,data\1- Modèle Traces passives\3- Bois\Bois NH\Retouches\77.JPG,1- Modèle Traces passives,bois
379,data\1- Modèle Traces passives\3- Bois\Bois NH\Retouches\48.JPG,1- Modèle Traces passives,bois
380,data\1- Modèle Traces passives\4- Lino\Lino H\Retouches\37.jpeg,1- Modèle Traces passives,lino
381,data\4- Modèle Transfert glissé\2- Carrelage\Retouches\32.jpeg,4- Modèle Transfert glissé,carrelage
382,data\4- Modèle Transfert glissé\2- Carrelage\Retouches\11.jpeg,4- Modèle Transfert glissé,carrelage
383,data\1- Modèle Traces passives\3- Bois\Bois H\Retouches\56.JPG,1- Modèle Traces passives,bois
384,data\4- Modèle Transfert glissé\3- Bois\Retouches\14.jpeg,4- Modèle Transfert glissé,bois
385,data\4- Modèle Transfert glissé\1- Papier\Retouches\30.jpeg,4- Modèle Transfert glissé,papier
386,data\1- Modèle Traces passives\2- Carrelage\Carrelage H\Retouches\77.JPG,1- Modèle Traces passives,carrelage
387,data\4- Modèle Transfert glissé\1- Papier\Retouches\16.jpeg,4- Modèle Transfert glissé,papier
388,data\1- Modèle Traces passives\3- Bois\Bois H\Retouches\24.JPG,1- Modèle Traces passives,bois
389,data\1- Modèle Traces passives\2- Carrelage\Carrelage NH\Retouches\47.jpeg,1- Modèle Traces passives,carrelage
390,data\4- Modèle Transfert glissé\2- Carrelage\Retouches\43.jpeg,4- Modèle Transfert glissé,carrelage
391,data\1- Modèle Traces passives\3- Bois\Bois H\Retouches\22.JPG,1- Modèle Traces passives,bois
392,data\1- Modèle Traces passives\1- Papier\Papier NH\Retouches\38.jpeg,1- Modèle Traces passives,papier
393,data\1- Modèle Traces passives\1- Papier\Papier NH\Retouches\62.jpeg,1- Modèle Traces passives,papier
394,data\4- Modèle Transfert glissé\1- Papier\Retouches\48.jpeg,4- Modèle Transfert glissé,papier
395,data\1- Modèle Traces passives\3- Bois\Bois NH\Retouches\51.JPG,1- Modèle Traces passives,bois
396,data\1- Modèle Traces passives\2- Carrelage\Carrelage H\Retouches\100.JPG,1- Modèle Traces passives,carrelage
397,data\1- Modèle Traces passives\2- Carrelage\Carrelage H\Retouches\81.JPG,1- Modèle Traces passives,carrelage
398,data\4- Modèle Transfert glissé\3- Bois\Retouches\71.jpeg,4- Modèle Transfert glissé,bois
399,data\1- Modèle Traces passives\4- Lino\Lino NH\Retouches\84.JPG,1- Modèle Traces passives,lino
400,data\4- Modèle Transfert glissé\2- Carrelage\Retouches\53.jpeg,4- Modèle Transfert glissé,carrelage
401,data\1- Modèle Traces passives\1- Papier\Papier NH\Retouches\6.jpeg,1- Modèle Traces passives,papier
402,data\4- Modèle Transfert glissé\2- Carrelage\Retouches\28.jpeg,4- Modèle Transfert glissé,carrelage
403,data\4- Modèle Transfert glissé\3- Bois\Retouches\42.jpeg,4- Modèle Transfert glissé,bois
404,data\1- Modèle Traces passives\4- Lino\Lino H\Retouches\29.jpeg,1- Modèle Traces passives,lino
405,data\1- Modèle Traces passives\3- Bois\Bois H\Retouches\26.JPG,1- Modèle Traces passives,bois
406,data\1- Modèle Traces passives\3- Bois\Bois NH\Retouches\82.JPG,1- Modèle Traces passives,bois
407,data\4- Modèle Transfert glissé\3- Bois\Retouches\26.jpeg,4- Modèle Transfert glissé,bois
408,data\1- Modèle Traces passives\3- Bois\Bois NH\Retouches\70.JPG,1- Modèle Traces passives,bois
409,data\1- Modèle Traces passives\3- Bois\Bois NH\Retouches\57.JPG,1- Modèle Traces passives,bois
410,data\1- Modèle Traces passives\3- Bois\Bois NH\Retouches\100.JPG,1- Modèle Traces passives,bois
411,data\4- Modèle Transfert glissé\3- Bois\Retouches\54.jpeg,4- Modèle Transfert glissé,bois
412,data\4- Modèle Transfert glissé\1- Papier\Retouches\27.jpeg,4- Modèle Transfert glissé,papier
413,data\1- Modèle Traces passives\1- Papier\Papier NH\Retouches\32.jpeg,1- Modèle Traces passives,papier
414,data\1- Modèle Traces passives\2- Carrelage\Carrelage NH\Retouches\42.jpeg,1- Modèle Traces passives,carrelage
415,data\1- Modèle Traces passives\2- Carrelage\Carrelage NH\Retouches\1.jpeg,1- Modèle Traces passives,carrelage
416,data\1- Modèle Traces passives\2- Carrelage\Carrelage NH\Retouches\46.jpeg,1- Modèle Traces passives,carrelage
417,data\1- Modèle Traces passives\3- Bois\Bois H\Retouches\23.JPG,1- Modèle Traces passives,bois
418,data\1- Modèle Traces passives\3- Bois\Bois NH\Retouches\79.JPG,1- Modèle Traces passives,bois
419,data\1- Modèle Traces passives\4- Lino\Lino NH\Retouches\7.JPG,1- Modèle Traces passives,lino
420,data\1- Modèle Traces passives\2- Carrelage\Carrelage H\Retouches\84.JPG,1- Modèle Traces passives,carrelage
421,data\4- Modèle Transfert glissé\4- Lino\Retouches\48.jpeg,4- Modèle Transfert glissé,lino
422,data\1- Modèle Traces passives\1- Papier\Papier NH\Retouches\81.jpeg,1- Modèle Traces passives,papier
423,data\1- Modèle Traces passives\3- Bois\Bois H\Retouches\63.JPG,1- Modèle Traces passives,bois
424,data\1- Modèle Traces passives\3- Bois\Bois H\Retouches\51.JPG,1- Modèle Traces passives,bois
425,data\1- Modèle Traces passives\4- Lino\Lino H\Retouches\26.jpeg,1- Modèle Traces passives,lino
426,data\4- Modèle Transfert glissé\4- Lino\Retouches\19.jpeg,4- Modèle Transfert glissé,lino
427,data\4- Modèle Transfert glissé\2- Carrelage\Retouches\54.jpeg,4- Modèle Transfert glissé,carrelage
428,data\1- Modèle Traces passives\2- Carrelage\Carrelage NH\Retouches\58.jpeg,1- Modèle Traces passives,carrelage
429,data\1- Modèle Traces passives\4- Lino\Lino NH\Retouches\28.JPG,1- Modèle Traces passives,lino
430,data\1- Modèle Traces passives\3- Bois\Bois NH\Retouches\81.JPG,1- Modèle Traces passives,bois
431,data\1- Modèle Traces passives\3- Bois\Bois NH\Retouches\8.JPG,1- Modèle Traces passives,bois
432,data\1- Modèle Traces passives\1- Papier\Papier NH\Retouches\27.jpeg,1- Modèle Traces passives,papier
433,data\1- Modèle Traces passives\4- Lino\Lino NH\Retouches\37.JPG,1- Modèle Traces passives,lino
434,data\1- Modèle Traces passives\2- Carrelage\Carrelage H\Retouches\76.JPG,1- Modèle Traces passives,carrelage
435,data\4- Modèle Transfert glissé\1- Papier\Retouches\66.jpeg,4- Modèle Transfert glissé,papier
436,data\1- Modèle Traces passives\3- Bois\Bois H\Retouches\78.JPG,1- Modèle Traces passives,bois
437,data\1- Modèle Traces passives\2- Carrelage\Carrelage H\Retouches\53.JPG,1- Modèle Traces passives,carrelage
438,data\4- Modèle Transfert glissé\2- Carrelage\Retouches\83.jpeg,4- Modèle Transfert glissé,carrelage
439,data\1- Modèle Traces passives\4- Lino\Lino H\Retouches\7.jpeg,1- Modèle Traces passives,lino
440,data\1- Modèle Traces passives\3- Bois\Bois H\Retouches\37.JPG,1- Modèle Traces passives,bois
441,data\1- Modèle Traces passives\4- Lino\Lino NH\Retouches\86.JPG,1- Modèle Traces passives,lino
442,data\1- Modèle Traces passives\1- Papier\Papier NH\Retouches\39.jpeg,1- Modèle Traces passives,papier
443,data\4- Modèle Transfert glissé\2- Carrelage\Retouches\95.jpeg,4- Modèle Transfert glissé,carrelage
444,data\1- Modèle Traces passives\3- Bois\Bois NH\Retouches\25.JPG,1- Modèle Traces passives,bois
445,data\4- Modèle Transfert glissé\4- Lino\Retouches\71.jpeg,4- Modèle Transfert glissé,lino
446,data\4- Modèle Transfert glissé\2- Carrelage\Retouches\33.jpeg,4- Modèle Transfert glissé,carrelage
447,data\1- Modèle Traces passives\3- Bois\Bois H\Retouches\99.JPG,1- Modèle Traces passives,bois
448,data\1- Modèle Traces passives\2- Carrelage\Carrelage H\Retouches\61.JPG,1- Modèle Traces passives,carrelage
449,data\1- Modèle Traces passives\3- Bois\Bois NH\Retouches\80.JPG,1- Modèle Traces passives,bois
450,data\1- Modèle Traces passives\2- Carrelage\Carrelage H\Retouches\42.JPG,1- Modèle Traces passives,carrelage
451,data\1- Modèle Traces passives\3- Bois\Bois NH\Retouches\49.JPG,1- Modèle Traces passives,bois
452,data\1- Modèle Traces passives\2- Carrelage\Carrelage NH\Retouches\59.jpeg,1- Modèle Traces passives,carrelage
453,data\4- Modèle Transfert glissé\3- Bois\Retouches\81.jpeg,4- Modèle Transfert glissé,bois
454,data\1- Modèle Traces passives\4- Lino\Lino H\Retouches\74.jpeg,1- Modèle Traces passives,lino
455,data\1- Modèle Traces passives\2- Carrelage\Carrelage H\Retouches\39.JPG,1- Modèle Traces passives,carrelage
456,data\1- Modèle Traces passives\2- Carrelage\Carrelage NH\Retouches\94.jpeg,1- Modèle Traces passives,carrelage
457,data\1- Modèle Traces passives\2- Carrelage\Carrelage NH\Retouches\65.jpeg,1- Modèle Traces passives,carrelage
458,data\1- Modèle Traces passives\4- Lino\Lino H\Retouches\53.jpeg,1- Modèle Traces passives,lino
459,data\4- Modèle Transfert glissé\2- Carrelage\Retouches\81.jpeg,4- Modèle Transfert glissé,carrelage
460,data\4- Modèle Transfert glissé\2- Carrelage\Retouches\80.jpeg,4- Modèle Transfert glissé,carrelage
461,data\4- Modèle Transfert glissé\1- Papier\Retouches\64.jpeg,4- Modèle Transfert glissé,papier
462,data\4- Modèle Transfert glissé\4- Lino\Retouches\69.jpeg,4- Modèle Transfert glissé,lino
463,data\4- Modèle Transfert glissé\3- Bois\Retouches\99.jpeg,4- Modèle Transfert glissé,bois
464,data\1- Modèle Traces passives\1- Papier\Papier NH\Retouches\18.jpeg,1- Modèle Traces passives,papier
465,data\4- Modèle Transfert glissé\4- Lino\Retouches\56.jpeg,4- Modèle Transfert glissé,lino
466,data\1- Modèle Traces passives\3- Bois\Bois NH\Retouches\50.JPG,1- Modèle Traces passives,bois
467,data\4- Modèle Transfert glissé\4- Lino\Retouches\13.jpeg,4- Modèle Transfert glissé,lino
468,data\4- Modèle Transfert glissé\3- Bois\Retouches\23.jpeg,4- Modèle Transfert glissé,bois
469,data\4- Modèle Transfert glissé\4- Lino\Retouches\93.jpeg,4- Modèle Transfert glissé,lino
470,data\1- Modèle Traces passives\3- Bois\Bois H\Retouches\21.JPG,1- Modèle Traces passives,bois
471,data\1- Modèle Traces passives\2- Carrelage\Carrelage NH\Retouches\10.jpeg,1- Modèle Traces passives,carrelage
472,data\1- Modèle Traces passives\3- Bois\Bois NH\Retouches\17.JPG,1- Modèle Traces passives,bois
473,data\1- Modèle Traces passives\3- Bois\Bois NH\Retouches\41.JPG,1- Modèle Traces passives,bois
474,data\1- Modèle Traces passives\2- Carrelage\Carrelage NH\Retouches\53.jpeg,1- Modèle Traces passives,carrelage
475,data\1- Modèle Traces passives\3- Bois\Bois NH\Retouches\32.JPG,1- Modèle Traces passives,bois
476,data\1- Modèle Traces passives\2- Carrelage\Carrelage NH\Retouches\23.jpeg,1- Modèle Traces passives,carrelage
477,data\1- Modèle Traces passives\4- Lino\Lino NH\Retouches\24.JPG,1- Modèle Traces passives,lino
478,data\4- Modèle Transfert glissé\3- Bois\Retouches\22.jpeg,4- Modèle Transfert glissé,bois
479,data\1- Modèle Traces passives\2- Carrelage\Carrelage NH\Retouches\79.jpeg,1- Modèle Traces passives,carrelage
480,data\1- Modèle Traces passives\2- Carrelage\Carrelage H\Retouches\55.JPG,1- Modèle Traces passives,carrelage
481,data\1- Modèle Traces passives\2- Carrelage\Carrelage H\Retouches\16.JPG,1- Modèle Traces passives,carrelage
482,data\1- Modèle Traces passives\3- Bois\Bois H\Retouches\90.JPG,1- Modèle Traces passives,bois
483,data\1- Modèle Traces passives\4- Lino\Lino NH\Retouches\83.JPG,1- Modèle Traces passives,lino
484,data\4- Modèle Transfert glissé\2- Carrelage\Retouches\92.jpeg,4- Modèle Transfert glissé,carrelage
485,data\1- Modèle Traces passives\3- Bois\Bois H\Retouches\87.JPG,1- Modèle Traces passives,bois
486,data\4- Modèle Transfert glissé\2- Carrelage\Retouches\35.jpeg,4- Modèle Transfert glissé,carrelage
487,data\4- Modèle Transfert glissé\4- Lino\Retouches\84.jpeg,4- Modèle Transfert glissé,lino
488,data\1- Modèle Traces passives\4- Lino\Lino H\Retouches\34.jpeg,1- Modèle Traces passives,lino
489,data\1- Modèle Traces passives\4- Lino\Lino NH\Retouches\69.JPG,1- Modèle Traces passives,lino
490,data\4- Modèle Transfert glissé\2- Carrelage\Retouches\23.jpeg,4- Modèle Transfert glissé,carrelage
491,data\1- Modèle Traces passives\4- Lino\Lino NH\Retouches\88.JPG,1- Modèle Traces passives,lino
492,data\1- Modèle Traces passives\3- Bois\Bois H\Retouches\54.JPG,1- Modèle Traces passives,bois
493,data\4- Modèle Transfert glissé\1- Papier\Retouches\88.jpeg,4- Modèle Transfert glissé,papier
494,data\1- Modèle Traces passives\2- Carrelage\Carrelage NH\Retouches\96.jpeg,1- Modèle Traces passives,carrelage
495,data\1- Modèle Traces passives\1- Papier\Papier NH\Retouches\26.jpeg,1- Modèle Traces passives,papier
496,data\1- Modèle Traces passives\2- Carrelage\Carrelage NH\Retouches\63.jpeg,1- Modèle Traces passives,carrelage
497,data\1- Modèle Traces passives\2- Carrelage\Carrelage NH\Retouches\76.jpeg,1- Modèle Traces passives,carrelage
498,data\4- Modèle Transfert glissé\3- Bois\Retouches\45.jpeg,4- Modèle Transfert glissé,bois
499,data\4- Modèle Transfert glissé\1- Papier\Retouches\55.jpeg,4- Modèle Transfert glissé,papier
500,data\1- Modèle Traces passives\2- Carrelage\Carrelage NH\Retouches\64.jpeg,1- Modèle Traces passives,carrelage
501,data\1- Modèle Traces passives\2- Carrelage\Carrelage H\Retouches\93.JPG,1- Modèle Traces passives,carrelage
502,data\1- Modèle Traces passives\3- Bois\Bois NH\Retouches\99.JPG,1- Modèle Traces passives,bois
503,data\1- Modèle Traces passives\2- Carrelage\Carrelage NH\Retouches\43.jpeg,1- Modèle Traces passives,carrelage
504,data\1- Modèle Traces passives\3- Bois\Bois H\Retouches\43.JPG,1- Modèle Traces passives,bois
505,data\1- Modèle Traces passives\3- Bois\Bois NH\Retouches\52.JPG,1- Modèle Traces passives,bois
506,data\1- Modèle Traces passives\1- Papier\Papier NH\Retouches\80.jpeg,1- Modèle Traces passives,papier
507,data\1- Modèle Traces passives\3- Bois\Bois NH\Retouches\20.JPG,1- Modèle Traces passives,bois
508,data\4- Modèle Transfert glissé\1- Papier\Retouches\68.jpeg,4- Modèle Transfert glissé,papier
509,data\1- Modèle Traces passives\4- Lino\Lino H\Retouches\73.jpeg,1- Modèle Traces passives,lino
510,data\4- Modèle Transfert glissé\1- Papier\Retouches\46.jpeg,4- Modèle Transfert glissé,papier
511,data\1- Modèle Traces passives\4- Lino\Lino H\Retouches\83.jpeg,1- Modèle Traces passives,lino
512,data\4- Modèle Transfert glissé\1- Papier\Retouches\20.jpeg,4- Modèle Transfert glissé,papier
513,data\1- Modèle Traces passives\3- Bois\Bois H\Retouches\18.JPG,1- Modèle Traces passives,bois
514,data\1- Modèle Traces passives\4- Lino\Lino NH\Retouches\77.JPG,1- Modèle Traces passives,lino
515,data\4- Modèle Transfert glissé\1- Papier\Retouches\21.jpeg,4- Modèle Transfert glissé,papier
516,data\1- Modèle Traces passives\2- Carrelage\Carrelage NH\Retouches\39.jpeg,1- Modèle Traces passives,carrelage
517,data\4- Modèle Transfert glissé\2- Carrelage\Retouches\14.jpeg,4- Modèle Transfert glissé,carrelage
518,data\4- Modèle Transfert glissé\2- Carrelage\Retouches\68.jpeg,4- Modèle Transfert glissé,carrelage
519,data\1- Modèle Traces passives\4- Lino\Lino H\Retouches\94.jpeg,1- Modèle Traces passives,lino
520,data\4- Modèle Transfert glissé\2- Carrelage\Retouches\96.jpeg,4- Modèle Transfert glissé,carrelage
521,data\4- Modèle Transfert glissé\2- Carrelage\Retouches\38.jpeg,4- Modèle Transfert glissé,carrelage
522,data\1- Modèle Traces passives\3- Bois\Bois H\Retouches\12.JPG,1- Modèle Traces passives,bois
523,data\1- Modèle Traces passives\3- Bois\Bois H\Retouches\92.JPG,1- Modèle Traces passives,bois
524,data\1- Modèle Traces passives\4- Lino\Lino NH\Retouches\1.JPG,1- Modèle Traces passives,lino
525,data\1- Modèle Traces passives\2- Carrelage\Carrelage NH\Retouches\69.JPG,1- Modèle Traces passives,carrelage
526,data\4- Modèle Transfert glissé\2- Carrelage\Retouches\30.jpeg,4- Modèle Transfert glissé,carrelage
527,data\1- Modèle Traces passives\4- Lino\Lino NH\Retouches\45.JPG,1- Modèle Traces passives,lino
528,data\1- Modèle Traces passives\3- Bois\Bois H\Retouches\38.JPG,1- Modèle Traces passives,bois
529,data\1- Modèle Traces passives\3- Bois\Bois H\Retouches\34.JPG,1- Modèle Traces passives,bois
530,data\1- Modèle Traces passives\3- Bois\Bois H\Retouches\55.JPG,1- Modèle Traces passives,bois
531,data\1- Modèle Traces passives\4- Lino\Lino NH\Retouches\53.JPG,1- Modèle Traces passives,lino
532,data\4- Modèle Transfert glissé\2- Carrelage\Retouches\99.jpeg,4- Modèle Transfert glissé,carrelage
533,data\1- Modèle Traces passives\4- Lino\Lino H\Retouches\66.jpeg,1- Modèle Traces passives,lino
534,data\1- Modèle Traces passives\4- Lino\Lino NH\Retouches\29.JPG,1- Modèle Traces passives,lino
535,data\1- Modèle Traces passives\4- Lino\Lino H\Retouches\22.jpeg,1- Modèle Traces passives,lino
536,data\1- Modèle Traces passives\3- Bois\Bois H\Retouches\39.JPG,1- Modèle Traces passives,bois
537,data\1- Modèle Traces passives\4- Lino\Lino H\Retouches\2.jpeg,1- Modèle Traces passives,lino
538,data\1- Modèle Traces passives\4- Lino\Lino NH\Retouches\8.JPG,1- Modèle Traces passives,lino
539,data\1- Modèle Traces passives\4- Lino\Lino H\Retouches\8.jpeg,1- Modèle Traces passives,lino
540,data\1- Modèle Traces passives\3- Bois\Bois NH\Retouches\26.JPG,1- Modèle Traces passives,bois
541,data\4- Modèle Transfert glissé\4- Lino\Retouches\80.jpeg,4- Modèle Transfert glissé,lino
542,data\1- Modèle Traces passives\4- Lino\Lino H\Retouches\12.jpeg,1- Modèle Traces passives,lino
543,data\1- Modèle Traces passives\4- Lino\Lino H\Retouches\58.jpeg,1- Modèle Traces passives,lino
544,data\1- Modèle Traces passives\4- Lino\Lino NH\Retouches\51.JPG,1- Modèle Traces passives,lino
545,data\1- Modèle Traces passives\3- Bois\Bois H\Retouches\75.JPG,1- Modèle Traces passives,bois
546,data\4- Modèle Transfert glissé\1- Papier\Retouches\57.jpeg,4- Modèle Transfert glissé,papier
547,data\4- Modèle Transfert glissé\2- Carrelage\Retouches\88.jpeg,4- Modèle Transfert glissé,carrelage
548,data\1- Modèle Traces passives\4- Lino\Lino H\Retouches\93.jpeg,1- Modèle Traces passives,lino
549,data\1- Modèle Traces passives\2- Carrelage\Carrelage H\Retouches\18.JPG,1- Modèle Traces passives,carrelage
550,data\4- Modèle Transfert glissé\3- Bois\Retouches\11.jpeg,4- Modèle Transfert glissé,bois
551,data\1- Modèle Traces passives\2- Carrelage\Carrelage NH\Retouches\30.jpeg,1- Modèle Traces passives,carrelage
552,data\1- Modèle Traces passives\4- Lino\Lino NH\Retouches\64.JPG,1- Modèle Traces passives,lino
553,data\4- Modèle Transfert glissé\3- Bois\Retouches\32.jpeg,4- Modèle Transfert glissé,bois
554,data\4- Modèle Transfert glissé\4- Lino\Retouches\37.jpeg,4- Modèle Transfert glissé,lino
555,data\1- Modèle Traces passives\3- Bois\Bois NH\Retouches\19.JPG,1- Modèle Traces passives,bois
556,data\4- Modèle Transfert glissé\4- Lino\Retouches\25.jpeg,4- Modèle Transfert glissé,lino
557,data\4- Modèle Transfert glissé\2- Carrelage\Retouches\34.jpeg,4- Modèle Transfert glissé,carrelage
558,data\4- Modèle Transfert glissé\4- Lino\Retouches\77.jpeg,4- Modèle Transfert glissé,lino
559,data\1- Modèle Traces passives\3- Bois\Bois NH\Retouches\69.JPG,1- Modèle Traces passives,bois
560,data\1- Modèle Traces passives\4- Lino\Lino H\Retouches\48.jpeg,1- Modèle Traces passives,lino
561,data\1- Modèle Traces passives\1- Papier\Papier NH\Retouches\36.jpeg,1- Modèle Traces passives,papier
562,data\4- Modèle Transfert glissé\4- Lino\Retouches\76.jpeg,4- Modèle Transfert glissé,lino
563,data\4- Modèle Transfert glissé\2- Carrelage\Retouches\77.jpeg,4- Modèle Transfert glissé,carrelage
564,data\4- Modèle Transfert glissé\1- Papier\Retouches\78.jpeg,4- Modèle Transfert glissé,papier
565,data\4- Modèle Transfert glissé\4- Lino\Retouches\43.jpeg,4- Modèle Transfert glissé,lino
566,data\1- Modèle Traces passives\3- Bois\Bois NH\Retouches\5.JPG,1- Modèle Traces passives,bois
567,data\1- Modèle Traces passives\4- Lino\Lino H\Retouches\99.jpeg,1- Modèle Traces passives,lino
568,data\1- Modèle Traces passives\2- Carrelage\Carrelage NH\Retouches\72.jpeg,1- Modèle Traces passives,carrelage
569,data\4- Modèle Transfert glissé\3- Bois\Retouches\21.jpeg,4- Modèle Transfert glissé,bois
570,data\1- Modèle Traces passives\3- Bois\Bois H\Retouches\81.JPG,1- Modèle Traces passives,bois
571,data\4- Modèle Transfert glissé\1- Papier\Retouches\22.jpeg,4- Modèle Transfert glissé,papier
572,data\1- Modèle Traces passives\3- Bois\Bois NH\Retouches\42.JPG,1- Modèle Traces passives,bois
573,data\1- Modèle Traces passives\2- Carrelage\Carrelage NH\Retouches\31.jpeg,1- Modèle Traces passives,carrelage
574,data\1- Modèle Traces passives\4- Lino\Lino H\Retouches\13.jpeg,1- Modèle Traces passives,lino
575,data\1- Modèle Traces passives\3- Bois\Bois NH\Retouches\66.JPG,1- Modèle Traces passives,bois
576,data\4- Modèle Transfert glissé\1- Papier\Retouches\11.jpeg,4- Modèle Transfert glissé,papier
577,data\1- Modèle Traces passives\4- Lino\Lino H\Retouches\41.jpeg,1- Modèle Traces passives,lino
578,data\1- Modèle Traces passives\4- Lino\Lino H\Retouches\76.jpeg,1- Modèle Traces passives,lino
579,data\1- Modèle Traces passives\3- Bois\Bois NH\Retouches\15.JPG,1- Modèle Traces passives,bois
580,data\1- Modèle Traces passives\4- Lino\Lino NH\Retouches\98.JPG,1- Modèle Traces passives,lino
581,data\1- Modèle Traces passives\1- Papier\Papier NH\Retouches\16.jpeg,1- Modèle Traces passives,papier
582,data\4- Modèle Transfert glissé\3- Bois\Retouches\90.jpeg,4- Modèle Transfert glissé,bois
583,data\4- Modèle Transfert glissé\4- Lino\Retouches\31.jpeg,4- Modèle Transfert glissé,lino
584,data\4- Modèle Transfert glissé\4- Lino\Retouches\94.jpeg,4- Modèle Transfert glissé,lino
585,data\4- Modèle Transfert glissé\4- Lino\Retouches\81.jpeg,4- Modèle Transfert glissé,lino
586,data\1- Modèle Traces passives\1- Papier\Papier NH\Retouches\9.jpeg,1- Modèle Traces passives,papier
587,data\1- Modèle Traces passives\1- Papier\Papier NH\Retouches\72.jpeg,1- Modèle Traces passives,papier
588,data\1- Modèle Traces passives\1- Papier\Papier NH\Retouches\92.jpeg,1- Modèle Traces passives,papier
589,data\1- Modèle Traces passives\4- Lino\Lino NH\Retouches\56.JPG,1- Modèle Traces passives,lino
590,data\1- Modèle Traces passives\4- Lino\Lino H\Retouches\86.jpeg,1- Modèle Traces passives,lino
591,data\1- Modèle Traces passives\2- Carrelage\Carrelage H\Retouches\75.JPG,1- Modèle Traces passives,carrelage
592,data\1- Modèle Traces passives\2- Carrelage\Carrelage H\Retouches\65.JPG,1- Modèle Traces passives,carrelage
593,data\4- Modèle Transfert glissé\1- Papier\Retouches\90.jpeg,4- Modèle Transfert glissé,papier
594,data\1- Modèle Traces passives\4- Lino\Lino NH\Retouches\27.JPG,1- Modèle Traces passives,lino
595,data\1- Modèle Traces passives\1- Papier\Papier NH\Retouches\45.jpeg,1- Modèle Traces passives,papier
596,data\4- Modèle Transfert glissé\3- Bois\Retouches\16.jpeg,4- Modèle Transfert glissé,bois
597,data\1- Modèle Traces passives\4- Lino\Lino H\Retouches\21.jpeg,1- Modèle Traces passives,lino
598,data\4- Modèle Transfert glissé\1- Papier\Retouches\99.jpeg,4- Modèle Transfert glissé,papier
599,data\4- Modèle Transfert glissé\2- Carrelage\Retouches\71.jpeg,4- Modèle Transfert glissé,carrelage
600,data\4- Modèle Transfert glissé\4- Lino\Retouches\57.jpeg,4- Modèle Transfert glissé,lino
601,data\1- Modèle Traces passives\3- Bois\Bois H\Retouches\58.JPG,1- Modèle Traces passives,bois
602,data\1- Modèle Traces passives\4- Lino\Lino NH\Retouches\49.JPG,1- Modèle Traces passives,lino
603,data\1- Modèle Traces passives\3- Bois\Bois NH\Retouches\9.JPG,1- Modèle Traces passives,bois
604,data\1- Modèle Traces passives\3- Bois\Bois NH\Retouches\96.JPG,1- Modèle Traces passives,bois
605,data\4- Modèle Transfert glissé\3- Bois\Retouches\41.jpeg,4- Modèle Transfert glissé,bois
606,data\1- Modèle Traces passives\2- Carrelage\Carrelage H\Retouches\12.JPG,1- Modèle Traces passives,carrelage
607,data\4- Modèle Transfert glissé\4- Lino\Retouches\21.jpeg,4- Modèle Transfert glissé,lino
608,data\4- Modèle Transfert glissé\4- Lino\Retouches\54.jpeg,4- Modèle Transfert glissé,lino
609,data\1- Modèle Traces passives\3- Bois\Bois H\Retouches\17.JPG,1- Modèle Traces passives,bois
610,data\1- Modèle Traces passives\3- Bois\Bois H\Retouches\44.JPG,1- Modèle Traces passives,bois
611,data\1- Modèle Traces passives\3- Bois\Bois NH\Retouches\23.JPG,1- Modèle Traces passives,bois
612,data\4- Modèle Transfert glissé\4- Lino\Retouches\52.jpeg,4- Modèle Transfert glissé,lino
613,data\1- Modèle Traces passives\1- Papier\Papier NH\Retouches\77.jpeg,1- Modèle Traces passives,papier
614,data\1- Modèle Traces passives\4- Lino\Lino H\Retouches\45.jpeg,1- Modèle Traces passives,lino
615,data\1- Modèle Traces passives\2- Carrelage\Carrelage H\Retouches\87.JPG,1- Modèle Traces passives,carrelage
616,data\1- Modèle Traces passives\3- Bois\Bois H\Retouches\25.JPG,1- Modèle Traces passives,bois
617,data\1- Modèle Traces passives\1- Papier\Papier NH\Retouches\56.jpeg,1- Modèle Traces passives,papier
618,data\4- Modèle Transfert glissé\1- Papier\Retouches\61.jpeg,4- Modèle Transfert glissé,papier
619,data\1- Modèle Traces passives\3- Bois\Bois NH\Retouches\93.JPG,1- Modèle Traces passives,bois
620,data\1- Modèle Traces passives\4- Lino\Lino NH\Retouches\75.JPG,1- Modèle Traces passives,lino
621,data\4- Modèle Transfert glissé\4- Lino\Retouches\89.jpeg,4- Modèle Transfert glissé,lino
622,data\1- Modèle Traces passives\2- Carrelage\Carrelage H\Retouches\40.JPG,1- Modèle Traces passives,carrelage
623,data\4- Modèle Transfert glissé\1- Papier\Retouches\24.jpeg,4- Modèle Transfert glissé,papier
624,data\1- Modèle Traces passives\3- Bois\Bois NH\Retouches\16.JPG,1- Modèle Traces passives,bois
625,data\1- Modèle Traces passives\3- Bois\Bois H\Retouches\74.JPG,1- Modèle Traces passives,bois
626,data\1- Modèle Traces passives\2- Carrelage\Carrelage NH\Retouches\99.jpeg,1- Modèle Traces passives,carrelage
627,data\1- Modèle Traces passives\4- Lino\Lino NH\Retouches\13.JPG,1- Modèle Traces passives,lino
628,data\4- Modèle Transfert glissé\3- Bois\Retouches\70.jpeg,4- Modèle Transfert glissé,bois
629,data\1- Modèle Traces passives\2- Carrelage\Carrelage H\Retouches\72.JPG,1- Modèle Traces passives,carrelage
630,data\1- Modèle Traces passives\2- Carrelage\Carrelage NH\Retouches\80.jpeg,1- Modèle Traces passives,carrelage
631,data\1- Modèle Traces passives\1- Papier\Papier NH\Retouches\49.jpeg,1- Modèle Traces passives,papier
632,data\1- Modèle Traces passives\1- Papier\Papier NH\Retouches\43.jpeg,1- Modèle Traces passives,papier
633,data\1- Modèle Traces passives\3- Bois\Bois H\Retouches\53.JPG,1- Modèle Traces passives,bois
634,data\4- Modèle Transfert glissé\4- Lino\Retouches\59.jpeg,4- Modèle Transfert glissé,lino
635,data\1- Modèle Traces passives\3- Bois\Bois H\Retouches\80.JPG,1- Modèle Traces passives,bois
636,data\1- Modèle Traces passives\3- Bois\Bois H\Retouches\52.JPG,1- Modèle Traces passives,bois
637,data\4- Modèle Transfert glissé\4- Lino\Retouches\95.jpeg,4- Modèle Transfert glissé,lino
638,data\4- Modèle Transfert glissé\3- Bois\Retouches\24.jpeg,4- Modèle Transfert glissé,bois
639,data\1- Modèle Traces passives\2- Carrelage\Carrelage H\Retouches\60.JPG,1- Modèle Traces passives,carrelage
640,data\1- Modèle Traces passives\2- Carrelage\Carrelage H\Retouches\49.JPG,1- Modèle Traces passives,carrelage
641,data\1- Modèle Traces passives\1- Papier\Papier NH\Retouches\17.jpeg,1- Modèle Traces passives,papier
642,data\4- Modèle Transfert glissé\4- Lino\Retouches\18.jpeg,4- Modèle Transfert glissé,lino
643,data\4- Modèle Transfert glissé\3- Bois\Retouches\33.jpeg,4- Modèle Transfert glissé,bois
644,data\1- Modèle Traces passives\3- Bois\Bois H\Retouches\89.JPG,1- Modèle Traces passives,bois
645,data\1- Modèle Traces passives\2- Carrelage\Carrelage NH\Retouches\22.jpeg,1- Modèle Traces passives,carrelage
646,data\1- Modèle Traces passives\2- Carrelage\Carrelage H\Retouches\86.JPG,1- Modèle Traces passives,carrelage
647,data\1- Modèle Traces passives\4- Lino\Lino H\Retouches\59.jpeg,1- Modèle Traces passives,lino
648,data\1- Modèle Traces passives\3- Bois\Bois H\Retouches\85.JPG,1- Modèle Traces passives,bois
649,data\1- Modèle Traces passives\3- Bois\Bois NH\Retouches\53.JPG,1- Modèle Traces passives,bois
650,data\1- Modèle Traces passives\3- Bois\Bois NH\Retouches\75.JPG,1- Modèle Traces passives,bois
651,data\4- Modèle Transfert glissé\1- Papier\Retouches\31.jpeg,4- Modèle Transfert glissé,papier
652,data\1- Modèle Traces passives\4- Lino\Lino NH\Retouches\95.JPG,1- Modèle Traces passives,lino
653,data\1- Modèle Traces passives\4- Lino\Lino NH\Retouches\71.JPG,1- Modèle Traces passives,lino
654,data\4- Modèle Transfert glissé\1- Papier\Retouches\49.jpeg,4- Modèle Transfert glissé,papier
655,data\1- Modèle Traces passives\3- Bois\Bois H\Retouches\8.JPG,1- Modèle Traces passives,bois
656,data\1- Modèle Traces passives\3- Bois\Bois H\Retouches\31.JPG,1- Modèle Traces passives,bois
657,data\1- Modèle Traces passives\4- Lino\Lino H\Retouches\78.jpeg,1- Modèle Traces passives,lino
658,data\4- Modèle Transfert glissé\4- Lino\Retouches\17.jpeg,4- Modèle Transfert glissé,lino
659,data\1- Modèle Traces passives\2- Carrelage\Carrelage NH\Retouches\20.jpeg,1- Modèle Traces passives,carrelage
660,data\1- Modèle Traces passives\1- Papier\Papier NH\Retouches\48.jpeg,1- Modèle Traces passives,papier
661,data\1- Modèle Traces passives\1- Papier\Papier NH\Retouches\5.jpeg,1- Modèle Traces passives,papier
662,data\1- Modèle Traces passives\1- Papier\Papier NH\Retouches\28.jpeg,1- Modèle Traces passives,papier
663,data\4- Modèle Transfert glissé\4- Lino\Retouches\88.jpeg,4- Modèle Transfert glissé,lino
664,data\1- Modèle Traces passives\2- Carrelage\Carrelage H\Retouches\64.JPG,1- Modèle Traces passives,carrelage
665,data\1- Modèle Traces passives\2- Carrelage\Carrelage H\Retouches\27.JPG,1- Modèle Traces passives,carrelage
666,data\1- Modèle Traces passives\3- Bois\Bois H\Retouches\61.JPG,1- Modèle Traces passives,bois
667,data\1- Modèle Traces passives\4- Lino\Lino NH\Retouches\70.JPG,1- Modèle Traces passives,lino
668,data\4- Modèle Transfert glissé\1- Papier\Retouches\69.jpeg,4- Modèle Transfert glissé,papier
669,data\4- Modèle Transfert glissé\4- Lino\Retouches\67.jpeg,4- Modèle Transfert glissé,lino
670,data\1- Modèle Traces passives\4- Lino\Lino NH\Retouches\79.JPG,1- Modèle Traces passives,lino
671,data\1- Modèle Traces passives\2- Carrelage\Carrelage H\Retouches\44.JPG,1- Modèle Traces passives,carrelage
672,data\1- Modèle Traces passives\2- Carrelage\Carrelage NH\Retouches\68.jpeg,1- Modèle Traces passives,carrelage
673,data\4- Modèle Transfert glissé\2- Carrelage\Retouches\85.jpeg,4- Modèle Transfert glissé,carrelage
674,data\1- Modèle Traces passives\3- Bois\Bois NH\Retouches\7.JPG,1- Modèle Traces passives,bois
675,data\4- Modèle Transfert glissé\3- Bois\Retouches\46.jpeg,4- Modèle Transfert glissé,bois
676,data\4- Modèle Transfert glissé\4- Lino\Retouches\47.jpeg,4- Modèle Transfert glissé,lino
677,data\1- Modèle Traces passives\1- Papier\Papier NH\Retouches\87.jpeg,1- Modèle Traces passives,papier
678,data\1- Modèle Traces passives\4- Lino\Lino NH\Retouches\54.JPG,1- Modèle Traces passives,lino
679,data\1- Modèle Traces passives\3- Bois\Bois NH\Retouches\18.JPG,1- Modèle Traces passives,bois
680,data\4- Modèle Transfert glissé\4- Lino\Retouches\61.jpeg,4- Modèle Transfert glissé,lino
681,data\1- Modèle Traces passives\2- Carrelage\Carrelage H\Retouches\13.JPG,1- Modèle Traces passives,carrelage
682,data\1- Modèle Traces passives\2- Carrelage\Carrelage H\Retouches\9.JPG,1- Modèle Traces passives,carrelage
683,data\4- Modèle Transfert glissé\4- Lino\Retouches\86.jpeg,4- Modèle Transfert glissé,lino
684,data\1- Modèle Traces passives\3- Bois\Bois H\Retouches\2.JPG,1- Modèle Traces passives,bois
685,data\1- Modèle Traces passives\2- Carrelage\Carrelage NH\Retouches\14.jpeg,1- Modèle Traces passives,carrelage
686,data\4- Modèle Transfert glissé\2- Carrelage\Retouches\12.jpeg,4- Modèle Transfert glissé,carrelage
687,data\1- Modèle Traces passives\4- Lino\Lino NH\Retouches\36.JPG,1- Modèle Traces passives,lino
688,data\1- Modèle Traces passives\2- Carrelage\Carrelage H\Retouches\30.JPG,1- Modèle Traces passives,carrelage
689,data\4- Modèle Transfert glissé\4- Lino\Retouches\38.jpeg,4- Modèle Transfert glissé,lino
690,data\1- Modèle Traces passives\2- Carrelage\Carrelage H\Retouches\11.JPG,1- Modèle Traces passives,carrelage
691,data\4- Modèle Transfert glissé\4- Lino\Retouches\49.jpeg,4- Modèle Transfert glissé,lino
692,data\1- Modèle Traces passives\4- Lino\Lino H\Retouches\50.jpeg,1- Modèle Traces passives,lino
693,data\1- Modèle Traces passives\4- Lino\Lino NH\Retouches\99.JPG,1- Modèle Traces passives,lino
694,data\1- Modèle Traces passives\1- Papier\Papier NH\Retouches\100.jpeg,1- Modèle Traces passives,papier
695,data\4- Modèle Transfert glissé\4- Lino\Retouches\60.jpeg,4- Modèle Transfert glissé,lino
696,data\1- Modèle Traces passives\2- Carrelage\Carrelage NH\Retouches\28.jpeg,1- Modèle Traces passives,carrelage
697,data\1- Modèle Traces passives\1- Papier\Papier NH\Retouches\11.jpeg,1- Modèle Traces passives,papier
698,data\1- Modèle Traces passives\3- Bois\Bois H\Retouches\32.JPG,1- Modèle Traces passives,bois
699,data\1- Modèle Traces passives\3- Bois\Bois NH\Retouches\37.JPG,1- Modèle Traces passives,bois
700,data\4- Modèle Transfert glissé\1- Papier\Retouches\12.jpeg,4- Modèle Transfert glissé,papier
701,data\4- Modèle Transfert glissé\4- Lino\Retouches\91.jpeg,4- Modèle Transfert glissé,lino
702,data\1- Modèle Traces passives\1- Papier\Papier NH\Retouches\24.jpeg,1- Modèle Traces passives,papier
703,data\4- Modèle Transfert glissé\3- Bois\Retouches\72.jpeg,4- Modèle Transfert glissé,bois
704,data\1- Modèle Traces passives\1- Papier\Papier NH\Retouches\89.jpeg,1- Modèle Traces passives,papier
705,data\4- Modèle Transfert glissé\1- Papier\Retouches\76.jpeg,4- Modèle Transfert glissé,papier
706,data\4- Modèle Transfert glissé\4- Lino\Retouches\62.jpeg,4- Modèle Transfert glissé,lino
707,data\1- Modèle Traces passives\2- Carrelage\Carrelage H\Retouches\95.JPG,1- Modèle Traces passives,carrelage
708,data\1- Modèle Traces passives\3- Bois\Bois NH\Retouches\35.JPG,1- Modèle Traces passives,bois
709,data\1- Modèle Traces passives\1- Papier\Papier NH\Retouches\58.jpeg,1- Modèle Traces passives,papier
710,data\4- Modèle Transfert glissé\2- Carrelage\Retouches\48.jpeg,4- Modèle Transfert glissé,carrelage
711,data\1- Modèle Traces passives\3- Bois\Bois H\Retouches\29.JPG,1- Modèle Traces passives,bois
712,data\4- Modèle Transfert glissé\4- Lino\Retouches\42.jpeg,4- Modèle Transfert glissé,lino
713,data\1- Modèle Traces passives\4- Lino\Lino H\Retouches\19.jpeg,1- Modèle Traces passives,lino
714,data\4- Modèle Transfert glissé\3- Bois\Retouches\69.jpeg,4- Modèle Transfert glissé,bois
715,data\1- Modèle Traces passives\1- Papier\Papier NH\Retouches\1.jpeg,1- Modèle Traces passives,papier
716,data\1- Modèle Traces passives\4- Lino\Lino NH\Retouches\32.JPG,1- Modèle Traces passives,lino
717,data\4- Modèle Transfert glissé\1- Papier\Retouches\96.jpeg,4- Modèle Transfert glissé,papier
718,data\4- Modèle Transfert glissé\3- Bois\Retouches\34.jpeg,4- Modèle Transfert glissé,bois
719,data\1- Modèle Traces passives\4- Lino\Lino H\Retouches\5.jpeg,1- Modèle Traces passives,lino
720,data\1- Modèle Traces passives\3- Bois\Bois NH\Retouches\64.JPG,1- Modèle Traces passives,bois
721,data\1- Modèle Traces passives\2- Carrelage\Carrelage H\Retouches\67.JPG,1- Modèle Traces passives,carrelage
722,data\4- Modèle Transfert glissé\1- Papier\Retouches\73.jpeg,4- Modèle Transfert glissé,papier
723,data\1- Modèle Traces passives\2- Carrelage\Carrelage NH\Retouches\70.jpeg,1- Modèle Traces passives,carrelage
724,data\1- Modèle Traces passives\1- Papier\Papier NH\Retouches\70.jpeg,1- Modèle Traces passives,papier
725,data\1- Modèle Traces passives\3- Bois\Bois NH\Retouches\63.JPG,1- Modèle Traces passives,bois
726,data\1- Modèle Traces passives\2- Carrelage\Carrelage H\Retouches\74.JPG,1- Modèle Traces passives,carrelage
727,data\1- Modèle Traces passives\1- Papier\Papier NH\Retouches\54.jpeg,1- Modèle Traces passives,papier
728,data\4- Modèle Transfert glissé\1- Papier\Retouches\44.jpeg,4- Modèle Transfert glissé,papier
729,data\1- Modèle Traces passives\4- Lino\Lino NH\Retouches\87.JPG,1- Modèle Traces passives,lino
730,data\1- Modèle Traces passives\3- Bois\Bois NH\Retouches\38.JPG,1- Modèle Traces passives,bois
731,data\4- Modèle Transfert glissé\4- Lino\Retouches\58.jpeg,4- Modèle Transfert glissé,lino
732,data\4- Modèle Transfert glissé\1- Papier\Retouches\36.jpeg,4- Modèle Transfert glissé,papier
733,data\1- Modèle Traces passives\3- Bois\Bois NH\Retouches\22.JPG,1- Modèle Traces passives,bois
734,data\1- Modèle Traces passives\1- Papier\Papier NH\Retouches\4.jpeg,1- Modèle Traces passives,papier
735,data\4- Modèle Transfert glissé\1- Papier\Retouches\70.jpeg,4- Modèle Transfert glissé,papier
736,data\4- Modèle Transfert glissé\4- Lino\Retouches\36.jpeg,4- Modèle Transfert glissé,lino
737,data\4- Modèle Transfert glissé\1- Papier\Retouches\79.jpeg,4- Modèle Transfert glissé,papier
738,data\4- Modèle Transfert glissé\4- Lino\Retouches\55.jpeg,4- Modèle Transfert glissé,lino
739,data\1- Modèle Traces passives\3- Bois\Bois H\Retouches\91.JPG,1- Modèle Traces passives,bois
740,data\4- Modèle Transfert glissé\4- Lino\Retouches\29.jpeg,4- Modèle Transfert glissé,lino
741,data\1- Modèle Traces passives\4- Lino\Lino NH\Retouches\63.JPG,1- Modèle Traces passives,lino
742,data\1- Modèle Traces passives\2- Carrelage\Carrelage NH\Retouches\37.jpeg,1- Modèle Traces passives,carrelage
743,data\4- Modèle Transfert glissé\1- Papier\Retouches\84.jpeg,4- Modèle Transfert glissé,papier
744,data\1- Modèle Traces passives\2- Carrelage\Carrelage H\Retouches\69.JPG,1- Modèle Traces passives,carrelage
745,data\1- Modèle Traces passives\3- Bois\Bois H\Retouches\5.JPG,1- Modèle Traces passives,bois
746,data\4- Modèle Transfert glissé\1- Papier\Retouches\33.jpeg,4- Modèle Transfert glissé,papier
747,data\1- Modèle Traces passives\2- Carrelage\Carrelage H\Retouches\99.JPG,1- Modèle Traces passives,carrelage
748,data\1- Modèle Traces passives\4- Lino\Lino NH\Retouches\23.JPG,1- Modèle Traces passives,lino
749,data\4- Modèle Transfert glissé\4- Lino\Retouches\50.jpeg,4- Modèle Transfert glissé,lino
750,data\4- Modèle Transfert glissé\3- Bois\Retouches\67.jpeg,4- Modèle Transfert glissé,bois
751,data\1- Modèle Traces passives\4- Lino\Lino NH\Retouches\76.JPG,1- Modèle Traces passives,lino
752,data\1- Modèle Traces passives\3- Bois\Bois NH\Retouches\34.JPG,1- Modèle Traces passives,bois
753,data\4- Modèle Transfert glissé\2- Carrelage\Retouches\100.jpeg,4- Modèle Transfert glissé,carrelage
754,data\1- Modèle Traces passives\3- Bois\Bois H\Retouches\27.JPG,1- Modèle Traces passives,bois
755,data\4- Modèle Transfert glissé\1- Papier\Retouches\50.jpeg,4- Modèle Transfert glissé,papier
756,data\1- Modèle Traces passives\2- Carrelage\Carrelage H\Retouches\43.JPG,1- Modèle Traces passives,carrelage
757,data\4- Modèle Transfert glissé\2- Carrelage\Retouches\61.jpeg,4- Modèle Transfert glissé,carrelage
758,data\1- Modèle Traces passives\4- Lino\Lino NH\Retouches\6.JPG,1- Modèle Traces passives,lino
759,data\1- Modèle Traces passives\4- Lino\Lino NH\Retouches\2.JPG,1- Modèle Traces passives,lino
760,data\4- Modèle Transfert glissé\3- Bois\Retouches\40.jpeg,4- Modèle Transfert glissé,bois
761,data\1- Modèle Traces passives\4- Lino\Lino NH\Retouches\97.JPG,1- Modèle Traces passives,lino
762,data\4- Modèle Transfert glissé\4- Lino\Retouches\23.jpeg,4- Modèle Transfert glissé,lino
763,data\1- Modèle Traces passives\4- Lino\Lino NH\Retouches\38.JPG,1- Modèle Traces passives,lino
764,data\1- Modèle Traces passives\3- Bois\Bois H\Retouches\66.JPG,1- Modèle Traces passives,bois
765,data\1- Modèle Traces passives\3- Bois\Bois NH\Retouches\97.JPG,1- Modèle Traces passives,bois
766,data\1- Modèle Traces passives\2- Carrelage\Carrelage NH\Retouches\52.jpeg,1- Modèle Traces passives,carrelage
767,data\1- Modèle Traces passives\2- Carrelage\Carrelage H\Retouches\46.JPG,1- Modèle Traces passives,carrelage
768,data\1- Modèle Traces passives\2- Carrelage\Carrelage NH\Retouches\90.jpeg,1- Modèle Traces passives,carrelage
769,data\4- Modèle Transfert glissé\3- Bois\Retouches\15.jpeg,4- Modèle Transfert glissé,bois
770,data\4- Modèle Transfert glissé\3- Bois\Retouches\53.jpeg,4- Modèle Transfert glissé,bois
771,data\4- Modèle Transfert glissé\1- Papier\Retouches\74.jpeg,4- Modèle Transfert glissé,papier
772,data\4- Modèle Transfert glissé\4- Lino\Retouches\40.jpeg,4- Modèle Transfert glissé,lino
773,data\1- Modèle Traces passives\1- Papier\Papier NH\Retouches\84.jpeg,1- Modèle Traces passives,papier
774,data\4- Modèle Transfert glissé\1- Papier\Retouches\77.jpeg,4- Modèle Transfert glissé,papier
775,data\1- Modèle Traces passives\3- Bois\Bois NH\Retouches\74.JPG,1- Modèle Traces passives,bois
776,data\1- Modèle Traces passives\1- Papier\Papier NH\Retouches\2.jpeg,1- Modèle Traces passives,papier
777,data\4- Modèle Transfert glissé\1- Papier\Retouches\25.jpeg,4- Modèle Transfert glissé,papier
778,data\1- Modèle Traces passives\4- Lino\Lino H\Retouches\82.jpeg,1- Modèle Traces passives,lino
779,data\1- Modèle Traces passives\2- Carrelage\Carrelage H\Retouches\63.JPG,1- Modèle Traces passives,carrelage
780,data\4- Modèle Transfert glissé\2- Carrelage\Retouches\25.jpeg,4- Modèle Transfert glissé,carrelage
781,data\1- Modèle Traces passives\4- Lino\Lino NH\Retouches\82.JPG,1- Modèle Traces passives,lino
782,data\1- Modèle Traces passives\3- Bois\Bois NH\Retouches\10.JPG,1- Modèle Traces passives,bois
783,data\4- Modèle Transfert glissé\3- Bois\Retouches\39.jpeg,4- Modèle Transfert glissé,bois
784,data\1- Modèle Traces passives\4- Lino\Lino NH\Retouches\74.JPG,1- Modèle Traces passives,lino
785,data\1- Modèle Traces passives\3- Bois\Bois H\Retouches\28.JPG,1- Modèle Traces passives,bois
786,data\4- Modèle Transfert glissé\4- Lino\Retouches\24.jpeg,4- Modèle Transfert glissé,lino
787,data\1- Modèle Traces passives\4- Lino\Lino H\Retouches\90.jpeg,1- Modèle Traces passives,lino
788,data\1- Modèle Traces passives\3- Bois\Bois NH\Retouches\3.JPG,1- Modèle Traces passives,bois
789,data\4- Modèle Transfert glissé\1- Papier\Retouches\15.jpeg,4- Modèle Transfert glissé,papier
790,data\1- Modèle Traces passives\3- Bois\Bois NH\Retouches\87.JPG,1- Modèle Traces passives,bois
791,data\1- Modèle Traces passives\1- Papier\Papier NH\Retouches\20.jpeg,1- Modèle Traces passives,papier
792,data\1- Modèle Traces passives\2- Carrelage\Carrelage H\Retouches\83.JPG,1- Modèle Traces passives,carrelage
793,data\1- Modèle Traces passives\4- Lino\Lino NH\Retouches\9.JPG,1- Modèle Traces passives,lino
794,data\1- Modèle Traces passives\3- Bois\Bois NH\Retouches\6.JPG,1- Modèle Traces passives,bois
795,data\1- Modèle Traces passives\4- Lino\Lino NH\Retouches\26.JPG,1- Modèle Traces passives,lino
796,data\1- Modèle Traces passives\2- Carrelage\Carrelage H\Retouches\3.JPG,1- Modèle Traces passives,carrelage
797,data\1- Modèle Traces passives\2- Carrelage\Carrelage NH\Retouches\62.jpeg,1- Modèle Traces passives,carrelage
798,data\1- Modèle Traces passives\4- Lino\Lino H\Retouches\51.jpeg,1- Modèle Traces passives,lino
799,data\1- Modèle Traces passives\3- Bois\Bois H\Retouches\57.JPG,1- Modèle Traces passives,bois
800,data\1- Modèle Traces passives\2- Carrelage\Carrelage H\Retouches\70.JPG,1- Modèle Traces passives,carrelage
801,data\1- Modèle Traces passives\2- Carrelage\Carrelage H\Retouches\68.JPG,1- Modèle Traces passives,carrelage
802,data\4- Modèle Transfert glissé\1- Papier\Retouches\100.jpeg,4- Modèle Transfert glissé,papier
803,data\1- Modèle Traces passives\1- Papier\Papier NH\Retouches\65.jpeg,1- Modèle Traces passives,papier
804,data\4- Modèle Transfert glissé\2- Carrelage\Retouches\13.jpeg,4- Modèle Transfert glissé,carrelage
805,data\4- Modèle Transfert glissé\4- Lino\Retouches\100.jpeg,4- Modèle Transfert glissé,lino
806,data\1- Modèle Traces passives\4- Lino\Lino NH\Retouches\96.JPG,1- Modèle Traces passives,lino
807,data\4- Modèle Transfert glissé\3- Bois\Retouches\100.jpeg,4- Modèle Transfert glissé,bois
808,data\1- Modèle Traces passives\2- Carrelage\Carrelage H\Retouches\78.JPG,1- Modèle Traces passives,carrelage
809,data\1- Modèle Traces passives\4- Lino\Lino H\Retouches\91.jpeg,1- Modèle Traces passives,lino
810,data\1- Modèle Traces passives\3- Bois\Bois NH\Retouches\86.JPG,1- Modèle Traces passives,bois
811,data\4- Modèle Transfert glissé\4- Lino\Retouches\68.jpeg,4- Modèle Transfert glissé,lino
812,data\1- Modèle Traces passives\3- Bois\Bois H\Retouches\72.JPG,1- Modèle Traces passives,bois
813,data\4- Modèle Transfert glissé\3- Bois\Retouches\55.jpeg,4- Modèle Transfert glissé,bois
814,data\1- Modèle Traces passives\2- Carrelage\Carrelage NH\Retouches\15.jpeg,1- Modèle Traces passives,carrelage
815,data\4- Modèle Transfert glissé\2- Carrelage\Retouches\82.jpeg,4- Modèle Transfert glissé,carrelage
816,data\4- Modèle Transfert glissé\3- Bois\Retouches\65.jpeg,4- Modèle Transfert glissé,bois
817,data\4- Modèle Transfert glissé\2- Carrelage\Retouches\60.jpeg,4- Modèle Transfert glissé,carrelage
818,data\4- Modèle Transfert glissé\3- Bois\Retouches\92.jpeg,4- Modèle Transfert glissé,bois
819,data\1- Modèle Traces passives\1- Papier\Papier NH\Retouches\47.jpeg,1- Modèle Traces passives,papier
820,data\1- Modèle Traces passives\3- Bois\Bois NH\Retouches\83.JPG,1- Modèle Traces passives,bois
821,data\1- Modèle Traces passives\4- Lino\Lino H\Retouches\27.jpeg,1- Modèle Traces passives,lino
822,data\4- Modèle Transfert glissé\2- Carrelage\Retouches\67.jpeg,4- Modèle Transfert glissé,carrelage
823,data\1- Modèle Traces passives\2- Carrelage\Carrelage H\Retouches\88.JPG,1- Modèle Traces passives,carrelage
824,data\1- Modèle Traces passives\3- Bois\Bois NH\Retouches\54.JPG,1- Modèle Traces passives,bois
825,data\1- Modèle Traces passives\3- Bois\Bois H\Retouches\64.JPG,1- Modèle Traces passives,bois
826,data\4- Modèle Transfert glissé\4- Lino\Retouches\20.jpeg,4- Modèle Transfert glissé,lino
827,data\1- Modèle Traces passives\4- Lino\Lino NH\Retouches\72.JPG,1- Modèle Traces passives,lino
828,data\1- Modèle Traces passives\1- Papier\Papier NH\Retouches\78.jpeg,1- Modèle Traces passives,papier
829,data\1- Modèle Traces passives\2- Carrelage\Carrelage NH\Retouches\35.jpeg,1- Modèle Traces passives,carrelage
830,data\1- Modèle Traces passives\1- Papier\Papier NH\Retouches\76.jpeg,1- Modèle Traces passives,papier
831,data\4- Modèle Transfert glissé\3- Bois\Retouches\78.jpeg,4- Modèle Transfert glissé,bois
832,data\4- Modèle Transfert glissé\3- Bois\Retouches\13.jpeg,4- Modèle Transfert glissé,bois
833,data\4- Modèle Transfert glissé\4- Lino\Retouches\82.jpeg,4- Modèle Transfert glissé,lino
834,data\1- Modèle Traces passives\3- Bois\Bois NH\Retouches\44.JPG,1- Modèle Traces passives,bois
835,data\1- Modèle Traces passives\4- Lino\Lino H\Retouches\65.jpeg,1- Modèle Traces passives,lino
836,data\1- Modèle Traces passives\1- Papier\Papier NH\Retouches\31.jpeg,1- Modèle Traces passives,papier
837,data\4- Modèle Transfert glissé\3- Bois\Retouches\51.jpeg,4- Modèle Transfert glissé,bois
838,data\1- Modèle Traces passives\1- Papier\Papier NH\Retouches\68.jpeg,1- Modèle Traces passives,papier
839,data\4- Modèle Transfert glissé\2- Carrelage\Retouches\47.jpeg,4- Modèle Transfert glissé,carrelage
